ens_gene,BRC20067,CB4856,DL238,N2
WBGene00000005,0,1,0,1
WBGene00000015,0,1,0,1
WBGene00000019,0,1,0,1
WBGene00000023,0,0,1,1
WBGene00000024,0,1,0,1
WBGene00000027,0,1,0,1
WBGene00000029,0,1,0,1
WBGene00000030,0,1,0,1
WBGene00000031,0,1,0,1
WBGene00000033,0,1,0,1
WBGene00000034,0,1,0,1
WBGene00000039,0,1,0,1
WBGene00000055,0,1,1,2
WBGene00000056,1,0,0,1
WBGene00000059,1,0,0,1
WBGene00000082,0,1,0,1
WBGene00000114,0,0,1,1
WBGene00000133,0,1,1,2
WBGene00000135,1,1,1,3
WBGene00000139,1,1,1,3
WBGene00000157,0,0,1,1
WBGene00000171,0,0,1,1
WBGene00000172,0,0,1,1
WBGene00000190,0,0,1,1
WBGene00000248,1,0,0,1
WBGene00000251,0,1,0,1
WBGene00000369,1,0,0,1
WBGene00000389,0,0,1,1
WBGene00000395,1,0,0,1
WBGene00000396,1,0,0,1
WBGene00000399,0,1,1,2
WBGene00000402,0,1,1,2
WBGene00000425,1,0,0,1
WBGene00000430,0,1,0,1
WBGene00000439,1,1,1,3
WBGene00000454,0,0,1,1
WBGene00000457,0,0,1,1
WBGene00000463,1,1,1,3
WBGene00000468,0,1,0,1
WBGene00000488,0,0,1,1
WBGene00000503,1,0,1,2
WBGene00000512,1,0,0,1
WBGene00000516,1,1,0,2
WBGene00000522,0,1,0,1
WBGene00000524,0,1,1,2
WBGene00000535,1,0,0,1
WBGene00000541,0,1,1,2
WBGene00000544,1,1,1,3
WBGene00000546,0,1,0,1
WBGene00000549,1,0,0,1
WBGene00000556,0,0,1,1
WBGene00000557,0,0,1,1
WBGene00000561,0,1,1,2
WBGene00000593,0,1,0,1
WBGene00000599,0,1,1,2
WBGene00000603,0,1,1,2
WBGene00000606,0,1,0,1
WBGene00000610,0,1,0,1
WBGene00000612,1,1,1,3
WBGene00000613,0,1,1,2
WBGene00000614,0,1,0,1
WBGene00000617,0,1,0,1
WBGene00000618,0,1,1,2
WBGene00000620,0,1,0,1
WBGene00000621,0,1,0,1
WBGene00000622,1,1,0,2
WBGene00000623,0,1,1,2
WBGene00000627,0,1,0,1
WBGene00000628,0,1,0,1
WBGene00000631,0,1,0,1
WBGene00000646,0,1,1,2
WBGene00000648,0,1,0,1
WBGene00000659,1,1,1,3
WBGene00000660,0,1,0,1
WBGene00000664,0,1,1,2
WBGene00000665,0,1,1,2
WBGene00000669,1,0,0,1
WBGene00000670,0,0,1,1
WBGene00000671,0,0,1,1
WBGene00000672,0,1,1,2
WBGene00000675,1,1,1,3
WBGene00000678,0,1,1,2
WBGene00000682,0,1,0,1
WBGene00000683,0,1,0,1
WBGene00000687,0,1,1,2
WBGene00000688,1,1,1,3
WBGene00000690,0,1,0,1
WBGene00000691,0,0,1,1
WBGene00000695,0,1,0,1
WBGene00000697,0,1,0,1
WBGene00000700,0,1,0,1
WBGene00000702,0,1,1,2
WBGene00000708,1,1,1,3
WBGene00000714,0,0,1,1
WBGene00000715,0,1,1,2
WBGene00000716,0,0,1,1
WBGene00000731,1,1,1,3
WBGene00000736,1,0,0,1
WBGene00000737,0,1,1,2
WBGene00000739,0,0,1,1
WBGene00000740,0,1,0,1
WBGene00000746,0,1,0,1
WBGene00000747,0,1,1,2
WBGene00000749,0,1,1,2
WBGene00000751,0,1,0,1
WBGene00000752,0,1,0,1
WBGene00000753,0,1,1,2
WBGene00000756,0,1,0,1
WBGene00000758,1,1,0,2
WBGene00000776,1,0,0,1
WBGene00000778,0,0,1,1
WBGene00000782,0,1,1,2
WBGene00000783,0,1,1,2
WBGene00000784,0,1,1,2
WBGene00000785,1,0,1,2
WBGene00000819,0,1,0,1
WBGene00000830,1,1,1,3
WBGene00000831,0,1,0,1
WBGene00000851,0,1,0,1
WBGene00000864,1,0,0,1
WBGene00000870,1,0,1,2
WBGene00000893,0,1,1,2
WBGene00000905,0,1,0,1
WBGene00000930,0,1,0,1
WBGene00000969,1,0,0,1
WBGene00000972,1,0,0,1
WBGene00000977,0,0,1,1
WBGene00000979,0,0,1,1
WBGene00000981,1,0,0,1
WBGene00000988,1,0,1,2
WBGene00000989,1,0,0,1
WBGene00000990,0,1,0,1
WBGene00000991,1,0,0,1
WBGene00001055,0,1,0,1
WBGene00001059,0,1,0,1
WBGene00001065,0,0,1,1
WBGene00001068,0,1,1,2
WBGene00001070,0,1,0,1
WBGene00001071,0,1,1,2
WBGene00001079,0,1,0,1
WBGene00001103,0,0,1,1
WBGene00001105,0,1,1,2
WBGene00001108,1,1,0,2
WBGene00001119,1,0,1,2
WBGene00001157,1,0,0,1
WBGene00001210,0,1,0,1
WBGene00001240,1,0,0,1
WBGene00001242,0,1,1,2
WBGene00001249,1,0,0,1
WBGene00001377,1,1,1,3
WBGene00001392,1,1,0,2
WBGene00001394,0,0,1,1
WBGene00001395,0,1,1,2
WBGene00001414,0,0,1,1
WBGene00001428,0,0,1,1
WBGene00001430,0,0,1,1
WBGene00001433,0,1,0,1
WBGene00001461,1,0,0,1
WBGene00001463,0,0,1,1
WBGene00001476,1,1,1,3
WBGene00001483,1,0,0,1
WBGene00001507,0,1,0,1
WBGene00001522,1,0,0,1
WBGene00001523,0,1,1,2
WBGene00001541,1,1,1,3
WBGene00001544,1,0,0,1
WBGene00001553,0,1,1,2
WBGene00001562,1,0,0,1
WBGene00001621,0,0,1,1
WBGene00001626,1,1,0,2
WBGene00001633,0,0,1,1
WBGene00001639,0,0,1,1
WBGene00001663,1,0,0,1
WBGene00001671,0,1,1,2
WBGene00001690,0,1,1,2
WBGene00001691,0,1,1,2
WBGene00001692,1,0,0,1
WBGene00001693,1,1,1,3
WBGene00001695,0,1,0,1
WBGene00001696,1,1,1,3
WBGene00001699,1,0,0,1
WBGene00001700,0,1,0,1
WBGene00001701,0,0,1,1
WBGene00001702,0,0,1,1
WBGene00001712,1,0,0,1
WBGene00001713,0,1,0,1
WBGene00001714,0,1,0,1
WBGene00001716,0,1,0,1
WBGene00001718,1,1,1,3
WBGene00001725,0,1,0,1
WBGene00001726,1,1,1,3
WBGene00001728,1,0,0,1
WBGene00001729,1,1,1,3
WBGene00001731,1,1,1,3
WBGene00001732,1,1,0,2
WBGene00001735,0,0,1,1
WBGene00001758,0,0,1,1
WBGene00001764,1,1,1,3
WBGene00001767,1,0,0,1
WBGene00001770,0,1,1,2
WBGene00001772,0,1,1,2
WBGene00001775,0,1,0,1
WBGene00001778,1,0,1,2
WBGene00001780,1,1,0,2
WBGene00001781,1,0,0,1
WBGene00001782,0,0,1,1
WBGene00001783,0,0,1,1
WBGene00001786,0,1,1,2
WBGene00001787,0,1,0,1
WBGene00001805,0,1,0,1
WBGene00001820,1,1,1,3
WBGene00001824,0,1,0,1
WBGene00001841,1,1,1,3
WBGene00001842,1,0,0,1
WBGene00001853,0,0,1,1
WBGene00001854,0,0,1,1
WBGene00001858,0,1,0,1
WBGene00001881,0,1,0,1
WBGene00001883,0,1,0,1
WBGene00001885,1,1,0,2
WBGene00001886,1,1,1,3
WBGene00001887,0,1,0,1
WBGene00001889,1,1,0,2
WBGene00001890,0,0,1,1
WBGene00001892,0,0,1,1
WBGene00001893,0,1,0,1
WBGene00001895,0,1,0,1
WBGene00001899,0,1,0,1
WBGene00001905,1,0,1,2
WBGene00001915,0,1,0,1
WBGene00001916,0,0,1,1
WBGene00001917,1,1,1,3
WBGene00001918,1,1,0,2
WBGene00001920,0,0,1,1
WBGene00001922,0,1,1,2
WBGene00001925,0,1,0,1
WBGene00001927,0,1,0,1
WBGene00001930,0,0,1,1
WBGene00001932,0,1,1,2
WBGene00001933,0,1,0,1
WBGene00001934,0,1,0,1
WBGene00001935,1,0,1,2
WBGene00001937,0,1,0,1
WBGene00001938,1,1,1,3
WBGene00001940,0,1,1,2
WBGene00001941,1,0,1,2
WBGene00001942,0,0,1,1
WBGene00001949,1,0,1,2
WBGene00001950,1,0,0,1
WBGene00001957,1,0,1,2
WBGene00001958,1,1,1,3
WBGene00001960,0,1,0,1
WBGene00001976,0,1,0,1
WBGene00001984,0,1,1,2
WBGene00001991,1,0,0,1
WBGene00001993,1,0,0,1
WBGene00002012,1,1,1,3
WBGene00002021,0,0,1,1
WBGene00002025,1,0,0,1
WBGene00002051,0,1,0,1
WBGene00002055,1,1,1,3
WBGene00002058,1,0,0,1
WBGene00002063,0,1,0,1
WBGene00002085,0,1,0,1
WBGene00002102,0,0,1,1
WBGene00002106,0,1,0,1
WBGene00002112,0,1,0,1
WBGene00002113,0,1,1,2
WBGene00002116,0,0,1,1
WBGene00002117,1,0,0,1
WBGene00002120,0,0,1,1
WBGene00002124,0,1,1,2
WBGene00002125,1,0,0,1
WBGene00002204,0,1,0,1
WBGene00002216,0,1,0,1
WBGene00002252,0,0,1,1
WBGene00002260,1,0,0,1
WBGene00002271,0,1,0,1
WBGene00002273,0,1,0,1
WBGene00002275,1,0,0,1
WBGene00002983,0,1,0,1
WBGene00003017,0,0,1,1
WBGene00003018,0,1,0,1
WBGene00003045,0,0,1,1
WBGene00003055,0,1,1,2
WBGene00003057,0,1,0,1
WBGene00003080,0,0,1,1
WBGene00003090,0,1,0,1
WBGene00003091,0,1,0,1
WBGene00003093,1,0,0,1
WBGene00003094,1,1,0,2
WBGene00003095,0,1,0,1
WBGene00003096,0,0,1,1
WBGene00003104,0,1,1,2
WBGene00003161,0,1,0,1
WBGene00003165,0,0,1,1
WBGene00003169,0,1,0,1
WBGene00003377,1,1,1,3
WBGene00003380,1,0,1,2
WBGene00003387,0,0,1,1
WBGene00003391,1,0,0,1
WBGene00003425,0,0,1,1
WBGene00003426,0,1,0,1
WBGene00003429,0,0,1,1
WBGene00003431,0,1,1,2
WBGene00003432,0,0,1,1
WBGene00003438,0,0,1,1
WBGene00003442,1,1,0,2
WBGene00003443,1,0,1,2
WBGene00003444,0,0,1,1
WBGene00003446,0,1,1,2
WBGene00003449,0,0,1,1
WBGene00003451,0,0,1,1
WBGene00003456,0,1,0,1
WBGene00003457,0,1,1,2
WBGene00003458,0,1,1,2
WBGene00003466,0,0,1,1
WBGene00003467,0,0,1,1
WBGene00003468,0,0,1,1
WBGene00003470,0,0,1,1
WBGene00003473,0,0,1,1
WBGene00003485,0,0,1,1
WBGene00003510,0,1,0,1
WBGene00003511,0,1,0,1
WBGene00003517,0,0,1,1
WBGene00003520,0,1,0,1
WBGene00003522,0,1,1,2
WBGene00003524,0,1,0,1
WBGene00003527,0,1,0,1
WBGene00003531,0,0,1,1
WBGene00003533,0,1,1,2
WBGene00003534,0,1,0,1
WBGene00003545,0,1,0,1
WBGene00003546,0,1,0,1
WBGene00003549,1,0,0,1
WBGene00003552,0,1,1,2
WBGene00003554,0,1,0,1
WBGene00003573,0,1,1,2
WBGene00003574,1,1,0,2
WBGene00003595,0,1,0,1
WBGene00003601,1,0,0,1
WBGene00003602,1,0,0,1
WBGene00003607,0,1,0,1
WBGene00003610,1,0,0,1
WBGene00003614,0,0,1,1
WBGene00003617,0,0,1,1
WBGene00003620,0,0,1,1
WBGene00003628,0,0,1,1
WBGene00003640,0,0,1,1
WBGene00003643,1,0,1,2
WBGene00003644,0,1,1,2
WBGene00003645,0,1,0,1
WBGene00003649,0,1,0,1
WBGene00003652,0,1,0,1
WBGene00003653,0,0,1,1
WBGene00003655,1,1,0,2
WBGene00003664,1,1,1,3
WBGene00003691,0,0,1,1
WBGene00003696,0,0,1,1
WBGene00003700,0,1,0,1
WBGene00003703,1,1,1,3
WBGene00003704,1,0,0,1
WBGene00003705,0,1,1,2
WBGene00003706,0,1,0,1
WBGene00003713,0,1,1,2
WBGene00003717,0,1,0,1
WBGene00003720,0,0,1,1
WBGene00003721,0,0,1,1
WBGene00003722,0,1,1,2
WBGene00003725,0,1,0,1
WBGene00003726,0,0,1,1
WBGene00003732,0,0,1,1
WBGene00003736,0,1,1,2
WBGene00003754,0,0,1,1
WBGene00003763,0,1,1,2
WBGene00003769,0,0,1,1
WBGene00003772,0,0,1,1
WBGene00003774,1,0,0,1
WBGene00003816,0,1,0,1
WBGene00003856,1,0,0,1
WBGene00003879,0,1,0,1
WBGene00003884,0,1,1,2
WBGene00003887,0,1,0,1
WBGene00003888,0,1,0,1
WBGene00003892,0,1,1,2
WBGene00003905,0,1,0,1
WBGene00003938,0,1,1,2
WBGene00003957,0,1,0,1
WBGene00003958,0,0,1,1
WBGene00003959,0,1,1,2
WBGene00003969,0,0,1,1
WBGene00003976,0,1,1,2
WBGene00003977,0,1,1,2
WBGene00003979,0,0,1,1
WBGene00003981,0,1,0,1
WBGene00003987,1,0,0,1
WBGene00003998,0,1,1,2
WBGene00003999,1,0,1,2
WBGene00004000,0,0,1,1
WBGene00004003,0,0,1,1
WBGene00004005,0,0,1,1
WBGene00004007,0,1,0,1
WBGene00004008,0,1,0,1
WBGene00004010,0,0,1,1
WBGene00004017,0,1,1,2
WBGene00004020,1,0,0,1
WBGene00004023,0,1,0,1
WBGene00004030,0,1,0,1
WBGene00004041,1,1,1,3
WBGene00004062,1,0,0,1
WBGene00004086,0,1,0,1
WBGene00004092,0,1,1,2
WBGene00004093,0,1,0,1
WBGene00004098,0,1,1,2
WBGene00004099,0,1,0,1
WBGene00004104,0,1,0,1
WBGene00004115,0,1,1,2
WBGene00004118,0,1,0,1
WBGene00004120,0,1,0,1
WBGene00004122,0,1,1,2
WBGene00004127,0,1,1,2
WBGene00004133,0,1,0,1
WBGene00004139,0,1,0,1
WBGene00004141,0,1,0,1
WBGene00004146,0,1,0,1
WBGene00004149,0,1,1,2
WBGene00004150,0,1,1,2
WBGene00004154,0,1,0,1
WBGene00004156,0,1,0,1
WBGene00004168,0,0,1,1
WBGene00004172,0,1,0,1
WBGene00004174,0,1,0,1
WBGene00004177,0,0,1,1
WBGene00004191,1,0,0,1
WBGene00004196,1,0,0,1
WBGene00004216,0,1,0,1
WBGene00004218,0,1,0,1
WBGene00004219,0,0,1,1
WBGene00004224,0,0,1,1
WBGene00004225,0,1,0,1
WBGene00004229,0,0,1,1
WBGene00004230,0,1,1,2
WBGene00004231,0,0,1,1
WBGene00004232,0,1,1,2
WBGene00004233,0,0,1,1
WBGene00004235,0,1,0,1
WBGene00004236,0,1,1,2
WBGene00004264,0,1,0,1
WBGene00004265,0,1,0,1
WBGene00004281,0,1,0,1
WBGene00004309,0,0,1,1
WBGene00004342,0,0,1,1
WBGene00004344,0,0,1,1
WBGene00004351,0,1,1,2
WBGene00004352,0,1,0,1
WBGene00004353,1,0,1,2
WBGene00004354,0,1,0,1
WBGene00004393,0,1,0,1
WBGene00004397,0,1,0,1
WBGene00004398,0,1,0,1
WBGene00004413,0,1,0,1
WBGene00004509,1,1,1,3
WBGene00004684,0,1,0,1
WBGene00004750,0,1,0,1
WBGene00004809,0,0,1,1
WBGene00004810,0,1,1,2
WBGene00004811,0,1,0,1
WBGene00004812,1,1,0,2
WBGene00004814,0,0,1,1
WBGene00004818,0,1,1,2
WBGene00004820,0,0,1,1
WBGene00004821,0,1,0,1
WBGene00004827,1,1,1,3
WBGene00004898,0,1,0,1
WBGene00004925,0,1,0,1
WBGene00004932,0,1,1,2
WBGene00004971,0,0,1,1
WBGene00004976,0,1,0,1
WBGene00004994,0,1,0,1
WBGene00004998,0,1,1,2
WBGene00005002,1,0,1,2
WBGene00005012,1,0,0,1
WBGene00005013,1,0,1,2
WBGene00005016,0,1,0,1
WBGene00005017,0,1,0,1
WBGene00005062,0,1,1,2
WBGene00005105,0,0,1,1
WBGene00005106,0,0,1,1
WBGene00005271,0,1,0,1
WBGene00005421,0,0,1,1
WBGene00005422,0,0,1,1
WBGene00005477,0,1,0,1
WBGene00005548,1,1,0,2
WBGene00005552,1,1,1,3
WBGene00005616,0,1,0,1
WBGene00005644,0,0,1,1
WBGene00005647,0,0,1,1
WBGene00005652,0,0,1,1
WBGene00005949,0,1,1,2
WBGene00006016,1,0,0,1
WBGene00006039,0,0,1,1
WBGene00006047,0,1,1,2
WBGene00006052,0,0,1,1
WBGene00006058,0,0,1,1
WBGene00006066,0,0,1,1
WBGene00006224,0,1,0,1
WBGene00006272,0,1,1,2
WBGene00006288,0,1,0,1
WBGene00006310,1,0,0,1
WBGene00006363,0,0,1,1
WBGene00006388,0,1,0,1
WBGene00006394,0,1,0,1
WBGene00006404,0,1,0,1
WBGene00006416,0,0,1,1
WBGene00006431,0,1,1,2
WBGene00006452,0,0,1,1
WBGene00006459,0,1,0,1
WBGene00006464,0,0,1,1
WBGene00006484,0,1,1,2
WBGene00006505,0,1,1,2
WBGene00006534,1,1,1,3
WBGene00006539,0,0,1,1
WBGene00006591,0,1,0,1
WBGene00006598,0,1,0,1
WBGene00006615,1,1,1,3
WBGene00006620,0,0,1,1
WBGene00006624,0,0,1,1
WBGene00006627,0,1,0,1
WBGene00006628,0,1,0,1
WBGene00006634,0,1,0,1
WBGene00006645,0,0,1,1
WBGene00006649,0,1,0,1
WBGene00006666,0,0,1,1
WBGene00006682,0,1,1,2
WBGene00006686,0,1,0,1
WBGene00006688,0,0,1,1
WBGene00006695,1,0,1,2
WBGene00006714,0,0,1,1
WBGene00006722,0,0,1,1
WBGene00006775,1,0,1,2
WBGene00006804,0,0,1,1
WBGene00006853,0,0,1,1
WBGene00006862,1,0,0,1
WBGene00006893,0,1,0,1
WBGene00006897,0,0,1,1
WBGene00006912,0,1,0,1
WBGene00006927,0,1,1,2
WBGene00006948,0,1,1,2
WBGene00006950,0,1,1,2
WBGene00006952,0,1,0,1
WBGene00006981,1,0,0,1
WBGene00006983,0,0,1,1
WBGene00006984,1,0,0,1
WBGene00007056,1,1,1,3
WBGene00007063,0,0,1,1
WBGene00007071,0,1,1,2
WBGene00007075,0,1,0,1
WBGene00007076,0,1,1,2
WBGene00007097,0,1,0,1
WBGene00007126,0,1,0,1
WBGene00007130,1,0,0,1
WBGene00007131,1,0,1,2
WBGene00007133,0,1,0,1
WBGene00007140,0,0,1,1
WBGene00007146,0,1,1,2
WBGene00007148,1,0,1,2
WBGene00007152,0,1,0,1
WBGene00007159,0,0,1,1
WBGene00007169,0,0,1,1
WBGene00007174,0,0,1,1
WBGene00007177,1,1,1,3
WBGene00007182,0,1,0,1
WBGene00007183,1,1,1,3
WBGene00007203,1,0,0,1
WBGene00007210,0,1,0,1
WBGene00007213,1,1,1,3
WBGene00007220,0,1,0,1
WBGene00007228,1,0,0,1
WBGene00007239,0,0,1,1
WBGene00007242,0,1,0,1
WBGene00007247,1,1,1,3
WBGene00007250,1,0,1,2
WBGene00007253,1,0,0,1
WBGene00007257,0,0,1,1
WBGene00007264,0,0,1,1
WBGene00007271,0,1,0,1
WBGene00007283,0,1,1,2
WBGene00007303,0,0,1,1
WBGene00007309,1,1,0,2
WBGene00007313,1,1,1,3
WBGene00007315,1,0,1,2
WBGene00007316,1,0,0,1
WBGene00007325,0,1,1,2
WBGene00007330,0,0,1,1
WBGene00007335,0,0,1,1
WBGene00007336,0,1,0,1
WBGene00007339,0,1,0,1
WBGene00007341,0,1,1,2
WBGene00007343,0,1,1,2
WBGene00007358,0,0,1,1
WBGene00007362,1,0,0,1
WBGene00007363,0,0,1,1
WBGene00007367,0,1,0,1
WBGene00007368,1,1,0,2
WBGene00007377,0,0,1,1
WBGene00007381,0,1,1,2
WBGene00007384,0,1,0,1
WBGene00007388,1,0,0,1
WBGene00007391,0,1,0,1
WBGene00007392,0,1,1,2
WBGene00007393,0,1,1,2
WBGene00007414,1,0,0,1
WBGene00007415,0,0,1,1
WBGene00007422,1,1,0,2
WBGene00007424,1,0,0,1
WBGene00007439,1,0,1,2
WBGene00007440,0,0,1,1
WBGene00007450,1,0,0,1
WBGene00007453,0,1,0,1
WBGene00007454,1,1,1,3
WBGene00007455,1,0,0,1
WBGene00007459,0,0,1,1
WBGene00007460,1,0,0,1
WBGene00007462,1,0,1,2
WBGene00007482,1,0,0,1
WBGene00007495,1,0,0,1
WBGene00007507,1,0,1,2
WBGene00007508,0,0,1,1
WBGene00007509,1,0,1,2
WBGene00007515,0,1,0,1
WBGene00007517,1,0,1,2
WBGene00007530,0,1,0,1
WBGene00007552,0,0,1,1
WBGene00007559,0,0,1,1
WBGene00007570,0,0,1,1
WBGene00007599,0,0,1,1
WBGene00007600,0,1,1,2
WBGene00007601,0,0,1,1
WBGene00007605,0,1,0,1
WBGene00007611,0,0,1,1
WBGene00007640,1,0,0,1
WBGene00007641,0,0,1,1
WBGene00007642,1,0,1,2
WBGene00007655,0,1,1,2
WBGene00007656,0,1,0,1
WBGene00007657,1,1,1,3
WBGene00007658,1,1,1,3
WBGene00007660,0,1,0,1
WBGene00007672,1,1,0,2
WBGene00007687,0,1,0,1
WBGene00007694,1,1,0,2
WBGene00007699,1,0,0,1
WBGene00007700,1,1,1,3
WBGene00007709,0,1,0,1
WBGene00007717,0,0,1,1
WBGene00007724,1,1,1,3
WBGene00007725,1,1,1,3
WBGene00007728,1,1,1,3
WBGene00007750,0,1,0,1
WBGene00007758,0,1,1,2
WBGene00007763,0,0,1,1
WBGene00007766,1,1,1,3
WBGene00007769,1,0,0,1
WBGene00007788,0,1,1,2
WBGene00007793,0,1,1,2
WBGene00007807,0,0,1,1
WBGene00007811,0,1,1,2
WBGene00007813,1,0,0,1
WBGene00007820,0,0,1,1
WBGene00007823,0,1,0,1
WBGene00007837,0,1,0,1
WBGene00007840,0,1,1,2
WBGene00007848,1,0,0,1
WBGene00007850,1,1,1,3
WBGene00007851,1,0,1,2
WBGene00007853,0,0,1,1
WBGene00007864,0,1,1,2
WBGene00007867,1,0,1,2
WBGene00007871,0,0,1,1
WBGene00007875,0,0,1,1
WBGene00007886,0,1,0,1
WBGene00007894,1,0,1,2
WBGene00007903,0,1,0,1
WBGene00007904,1,0,1,2
WBGene00007916,0,0,1,1
WBGene00007935,0,1,1,2
WBGene00007938,0,1,1,2
WBGene00007941,0,0,1,1
WBGene00007946,1,1,1,3
WBGene00007948,0,0,1,1
WBGene00007957,1,0,0,1
WBGene00007963,0,1,0,1
WBGene00007977,0,0,1,1
WBGene00007989,0,1,1,2
WBGene00007990,0,1,1,2
WBGene00007992,0,1,0,1
WBGene00007996,0,1,1,2
WBGene00007999,0,1,0,1
WBGene00008003,0,0,1,1
WBGene00008007,0,0,1,1
WBGene00008010,0,1,1,2
WBGene00008014,0,1,1,2
WBGene00008016,0,1,1,2
WBGene00008017,0,1,0,1
WBGene00008027,0,1,0,1
WBGene00008042,0,1,1,2
WBGene00008043,1,0,0,1
WBGene00008047,0,1,0,1
WBGene00008066,0,1,0,1
WBGene00008070,1,1,1,3
WBGene00008079,0,0,1,1
WBGene00008084,1,0,1,2
WBGene00008086,0,1,1,2
WBGene00008089,0,0,1,1
WBGene00008092,0,0,1,1
WBGene00008096,0,0,1,1
WBGene00008097,1,0,1,2
WBGene00008099,0,1,0,1
WBGene00008101,0,1,0,1
WBGene00008102,0,1,0,1
WBGene00008111,1,0,0,1
WBGene00008127,0,1,0,1
WBGene00008128,0,1,0,1
WBGene00008129,0,0,1,1
WBGene00008144,0,1,0,1
WBGene00008145,0,1,0,1
WBGene00008150,0,1,1,2
WBGene00008157,1,0,0,1
WBGene00008167,0,1,0,1
WBGene00008168,0,1,0,1
WBGene00008170,0,1,0,1
WBGene00008199,0,1,0,1
WBGene00008201,1,1,1,3
WBGene00008215,0,1,0,1
WBGene00008221,1,0,1,2
WBGene00008222,0,0,1,1
WBGene00008228,0,0,1,1
WBGene00008233,1,0,0,1
WBGene00008246,0,1,0,1
WBGene00008263,0,1,0,1
WBGene00008272,0,0,1,1
WBGene00008283,0,1,0,1
WBGene00008287,1,0,0,1
WBGene00008295,0,0,1,1
WBGene00008296,0,0,1,1
WBGene00008301,0,1,0,1
WBGene00008302,0,1,0,1
WBGene00008312,0,0,1,1
WBGene00008313,0,0,1,1
WBGene00008314,0,1,0,1
WBGene00008323,0,0,1,1
WBGene00008332,0,0,1,1
WBGene00008335,0,1,0,1
WBGene00008352,0,1,0,1
WBGene00008356,0,1,0,1
WBGene00008357,0,1,1,2
WBGene00008358,0,1,0,1
WBGene00008359,1,1,0,2
WBGene00008360,0,1,0,1
WBGene00008365,0,1,0,1
WBGene00008368,0,0,1,1
WBGene00008370,0,1,1,2
WBGene00008376,0,1,1,2
WBGene00008423,0,0,1,1
WBGene00008425,0,0,1,1
WBGene00008436,0,1,0,1
WBGene00008447,1,1,0,2
WBGene00008448,0,1,0,1
WBGene00008449,0,1,0,1
WBGene00008462,0,1,0,1
WBGene00008476,1,0,0,1
WBGene00008477,0,0,1,1
WBGene00008483,0,0,1,1
WBGene00008492,0,1,0,1
WBGene00008495,0,1,0,1
WBGene00008496,0,1,0,1
WBGene00008497,0,0,1,1
WBGene00008500,0,0,1,1
WBGene00008507,0,1,0,1
WBGene00008508,0,0,1,1
WBGene00008512,0,1,0,1
WBGene00008515,1,0,0,1
WBGene00008519,1,1,1,3
WBGene00008536,0,0,1,1
WBGene00008538,1,1,1,3
WBGene00008539,0,1,1,2
WBGene00008556,0,0,1,1
WBGene00008557,0,0,1,1
WBGene00008559,0,1,1,2
WBGene00008560,1,0,0,1
WBGene00008563,0,1,0,1
WBGene00008564,1,0,0,1
WBGene00008565,0,1,1,2
WBGene00008566,0,0,1,1
WBGene00008567,1,0,1,2
WBGene00008577,1,0,1,2
WBGene00008584,1,1,0,2
WBGene00008589,1,0,0,1
WBGene00008595,0,0,1,1
WBGene00008596,0,1,1,2
WBGene00008597,0,1,1,2
WBGene00008602,0,0,1,1
WBGene00008603,1,0,0,1
WBGene00008604,1,0,1,2
WBGene00008605,0,1,0,1
WBGene00008607,1,0,0,1
WBGene00008610,1,0,0,1
WBGene00008611,0,1,1,2
WBGene00008612,1,1,1,3
WBGene00008625,1,0,1,2
WBGene00008627,0,0,1,1
WBGene00008629,1,0,0,1
WBGene00008631,0,1,0,1
WBGene00008632,0,1,0,1
WBGene00008633,0,1,0,1
WBGene00008640,0,1,1,2
WBGene00008644,0,1,0,1
WBGene00008649,0,0,1,1
WBGene00008652,0,1,0,1
WBGene00008655,0,0,1,1
WBGene00008661,0,0,1,1
WBGene00008662,0,0,1,1
WBGene00008695,0,0,1,1
WBGene00008698,0,1,0,1
WBGene00008706,0,0,1,1
WBGene00008711,0,0,1,1
WBGene00008714,1,1,0,2
WBGene00008736,0,0,1,1
WBGene00008762,0,1,0,1
WBGene00008772,0,1,0,1
WBGene00008779,0,1,0,1
WBGene00008782,0,1,1,2
WBGene00008784,1,1,1,3
WBGene00008785,1,0,1,2
WBGene00008789,0,0,1,1
WBGene00008794,0,1,1,2
WBGene00008803,1,0,0,1
WBGene00008807,0,1,1,2
WBGene00008809,0,0,1,1
WBGene00008811,0,0,1,1
WBGene00008823,0,0,1,1
WBGene00008824,0,1,1,2
WBGene00008826,0,1,1,2
WBGene00008829,0,0,1,1
WBGene00008838,1,0,0,1
WBGene00008841,1,1,1,3
WBGene00008843,1,0,0,1
WBGene00008847,1,0,0,1
WBGene00008850,1,0,1,2
WBGene00008853,1,1,0,2
WBGene00008862,0,1,1,2
WBGene00008863,0,1,1,2
WBGene00008875,0,1,1,2
WBGene00008880,0,1,0,1
WBGene00008886,1,0,0,1
WBGene00008891,0,0,1,1
WBGene00008892,0,0,1,1
WBGene00008904,1,1,1,3
WBGene00008916,0,1,0,1
WBGene00008922,0,1,0,1
WBGene00008925,0,0,1,1
WBGene00008929,0,0,1,1
WBGene00008935,0,0,1,1
WBGene00008936,0,0,1,1
WBGene00008944,0,1,1,2
WBGene00008945,1,1,1,3
WBGene00008950,0,0,1,1
WBGene00008964,0,1,1,2
WBGene00008965,0,0,1,1
WBGene00008967,0,1,0,1
WBGene00008976,0,1,0,1
WBGene00008986,0,0,1,1
WBGene00008987,0,0,1,1
WBGene00008988,0,1,0,1
WBGene00008994,0,0,1,1
WBGene00009001,1,1,1,3
WBGene00009008,1,1,0,2
WBGene00009014,0,1,1,2
WBGene00009015,0,1,0,1
WBGene00009016,0,1,0,1
WBGene00009018,0,1,0,1
WBGene00009028,0,0,1,1
WBGene00009029,0,1,1,2
WBGene00009031,0,0,1,1
WBGene00009036,0,1,0,1
WBGene00009042,0,1,0,1
WBGene00009048,1,1,1,3
WBGene00009061,0,1,0,1
WBGene00009069,1,0,1,2
WBGene00009070,0,0,1,1
WBGene00009079,0,0,1,1
WBGene00009087,1,1,1,3
WBGene00009088,0,0,1,1
WBGene00009089,1,1,1,3
WBGene00009094,0,1,1,2
WBGene00009110,0,1,1,2
WBGene00009143,0,1,1,2
WBGene00009149,0,1,1,2
WBGene00009154,1,0,0,1
WBGene00009156,0,1,1,2
WBGene00009165,0,1,1,2
WBGene00009166,1,1,0,2
WBGene00009178,0,0,1,1
WBGene00009182,0,1,0,1
WBGene00009192,0,1,0,1
WBGene00009193,0,0,1,1
WBGene00009205,0,1,1,2
WBGene00009209,0,0,1,1
WBGene00009212,1,1,0,2
WBGene00009213,1,0,1,2
WBGene00009216,1,0,0,1
WBGene00009218,0,1,1,2
WBGene00009221,1,0,0,1
WBGene00009222,0,1,1,2
WBGene00009224,0,1,0,1
WBGene00009226,0,1,1,2
WBGene00009227,0,1,1,2
WBGene00009231,1,0,1,2
WBGene00009238,0,0,1,1
WBGene00009257,0,1,0,1
WBGene00009268,0,1,1,2
WBGene00009269,0,0,1,1
WBGene00009291,1,0,0,1
WBGene00009296,0,1,0,1
WBGene00009297,0,0,1,1
WBGene00009299,0,1,0,1
WBGene00009311,0,0,1,1
WBGene00009313,0,0,1,1
WBGene00009323,0,0,1,1
WBGene00009331,0,1,0,1
WBGene00009334,0,0,1,1
WBGene00009343,1,1,1,3
WBGene00009349,0,1,1,2
WBGene00009355,0,1,1,2
WBGene00009356,0,0,1,1
WBGene00009360,0,0,1,1
WBGene00009361,1,1,1,3
WBGene00009393,1,0,0,1
WBGene00009396,0,1,0,1
WBGene00009397,1,1,0,2
WBGene00009402,0,0,1,1
WBGene00009412,0,0,1,1
WBGene00009413,0,0,1,1
WBGene00009423,0,0,1,1
WBGene00009427,1,0,0,1
WBGene00009429,0,1,1,2
WBGene00009430,1,1,0,2
WBGene00009432,0,0,1,1
WBGene00009433,0,1,0,1
WBGene00009434,0,1,0,1
WBGene00009457,0,0,1,1
WBGene00009470,0,1,1,2
WBGene00009485,0,1,1,2
WBGene00009488,0,1,1,2
WBGene00009500,0,1,1,2
WBGene00009501,1,0,1,2
WBGene00009514,0,1,1,2
WBGene00009515,0,1,1,2
WBGene00009517,0,1,0,1
WBGene00009518,0,1,0,1
WBGene00009520,0,1,1,2
WBGene00009523,1,1,0,2
WBGene00009526,1,0,0,1
WBGene00009528,0,1,1,2
WBGene00009529,1,0,0,1
WBGene00009543,1,0,0,1
WBGene00009556,0,0,1,1
WBGene00009561,0,0,1,1
WBGene00009572,0,1,1,2
WBGene00009573,0,1,1,2
WBGene00009592,1,0,0,1
WBGene00009595,0,1,1,2
WBGene00009605,0,0,1,1
WBGene00009620,0,1,1,2
WBGene00009622,1,1,0,2
WBGene00009626,1,0,0,1
WBGene00009637,0,1,0,1
WBGene00009638,0,1,0,1
WBGene00009639,0,1,0,1
WBGene00009642,0,1,1,2
WBGene00009644,1,1,0,2
WBGene00009689,1,0,0,1
WBGene00009695,0,0,1,1
WBGene00009698,1,1,0,2
WBGene00009705,0,0,1,1
WBGene00009706,1,0,0,1
WBGene00009710,0,1,1,2
WBGene00009720,0,1,1,2
WBGene00009738,1,0,0,1
WBGene00009756,0,1,0,1
WBGene00009758,1,0,1,2
WBGene00009759,0,1,1,2
WBGene00009777,0,1,1,2
WBGene00009778,1,0,0,1
WBGene00009791,0,1,1,2
WBGene00009799,0,1,0,1
WBGene00009806,0,1,0,1
WBGene00009811,0,1,1,2
WBGene00009835,0,1,0,1
WBGene00009839,0,1,0,1
WBGene00009840,0,1,0,1
WBGene00009841,0,1,0,1
WBGene00009848,1,0,0,1
WBGene00009854,0,1,0,1
WBGene00009856,0,1,1,2
WBGene00009857,0,1,1,2
WBGene00009860,0,1,0,1
WBGene00009861,1,0,0,1
WBGene00009862,0,1,0,1
WBGene00009877,0,0,1,1
WBGene00009889,0,0,1,1
WBGene00009892,1,1,0,2
WBGene00009898,1,1,1,3
WBGene00009908,0,1,1,2
WBGene00009929,1,0,0,1
WBGene00009941,0,0,1,1
WBGene00009956,0,0,1,1
WBGene00009957,0,1,0,1
WBGene00009964,0,1,1,2
WBGene00009982,0,1,0,1
WBGene00009984,0,1,0,1
WBGene00009988,1,0,0,1
WBGene00010004,0,1,0,1
WBGene00010005,0,1,1,2
WBGene00010008,0,1,0,1
WBGene00010011,0,0,1,1
WBGene00010019,0,1,0,1
WBGene00010032,0,0,1,1
WBGene00010033,0,0,1,1
WBGene00010035,0,0,1,1
WBGene00010041,0,1,0,1
WBGene00010048,1,0,0,1
WBGene00010055,0,0,1,1
WBGene00010057,0,1,1,2
WBGene00010060,0,1,0,1
WBGene00010066,1,1,1,3
WBGene00010072,0,0,1,1
WBGene00010083,0,0,1,1
WBGene00010087,0,0,1,1
WBGene00010100,1,0,0,1
WBGene00010101,1,1,1,3
WBGene00010102,1,0,0,1
WBGene00010104,0,1,0,1
WBGene00010105,0,0,1,1
WBGene00010124,0,1,0,1
WBGene00010125,1,0,1,2
WBGene00010128,1,0,1,2
WBGene00010157,0,1,1,2
WBGene00010158,0,0,1,1
WBGene00010166,1,1,1,3
WBGene00010185,0,0,1,1
WBGene00010189,1,1,1,3
WBGene00010196,0,1,0,1
WBGene00010199,1,0,0,1
WBGene00010212,0,1,1,2
WBGene00010214,0,0,1,1
WBGene00010216,0,0,1,1
WBGene00010238,1,1,1,3
WBGene00010243,0,0,1,1
WBGene00010248,1,1,1,3
WBGene00010253,0,1,1,2
WBGene00010263,0,0,1,1
WBGene00010267,0,1,0,1
WBGene00010277,1,0,0,1
WBGene00010285,0,1,1,2
WBGene00010288,0,0,1,1
WBGene00010289,0,0,1,1
WBGene00010296,1,1,0,2
WBGene00010297,0,0,1,1
WBGene00010299,0,1,0,1
WBGene00010300,0,0,1,1
WBGene00010319,0,1,0,1
WBGene00010327,0,0,1,1
WBGene00010328,0,1,0,1
WBGene00010330,0,1,1,2
WBGene00010337,0,0,1,1
WBGene00010338,0,1,0,1
WBGene00010341,0,0,1,1
WBGene00010344,0,0,1,1
WBGene00010348,0,1,0,1
WBGene00010354,0,1,0,1
WBGene00010364,0,0,1,1
WBGene00010365,0,0,1,1
WBGene00010373,0,0,1,1
WBGene00010377,1,0,0,1
WBGene00010379,1,1,0,2
WBGene00010399,1,1,1,3
WBGene00010401,1,1,1,3
WBGene00010411,0,0,1,1
WBGene00010413,0,1,0,1
WBGene00010420,1,0,0,1
WBGene00010426,0,1,1,2
WBGene00010451,1,1,0,2
WBGene00010454,0,1,1,2
WBGene00010464,0,1,0,1
WBGene00010468,0,1,0,1
WBGene00010470,0,0,1,1
WBGene00010471,0,1,0,1
WBGene00010473,0,0,1,1
WBGene00010474,0,0,1,1
WBGene00010481,1,0,0,1
WBGene00010485,0,0,1,1
WBGene00010495,1,1,1,3
WBGene00010501,0,0,1,1
WBGene00010508,0,1,0,1
WBGene00010513,0,0,1,1
WBGene00010515,0,0,1,1
WBGene00010519,0,0,1,1
WBGene00010528,0,1,1,2
WBGene00010540,0,0,1,1
WBGene00010545,1,1,1,3
WBGene00010550,1,0,1,2
WBGene00010553,0,0,1,1
WBGene00010554,0,0,1,1
WBGene00010566,1,0,0,1
WBGene00010572,0,1,0,1
WBGene00010573,0,1,0,1
WBGene00010584,1,0,0,1
WBGene00010585,1,1,1,3
WBGene00010587,0,1,1,2
WBGene00010605,1,0,0,1
WBGene00010606,1,1,1,3
WBGene00010612,0,1,1,2
WBGene00010628,1,0,0,1
WBGene00010636,0,0,1,1
WBGene00010644,0,1,0,1
WBGene00010647,0,1,0,1
WBGene00010649,1,0,0,1
WBGene00010650,0,0,1,1
WBGene00010657,1,0,1,2
WBGene00010658,0,1,0,1
WBGene00010659,0,1,0,1
WBGene00010660,0,1,0,1
WBGene00010662,0,1,0,1
WBGene00010673,0,1,1,2
WBGene00010682,0,0,1,1
WBGene00010684,0,1,1,2
WBGene00010692,0,0,1,1
WBGene00010706,0,0,1,1
WBGene00010708,1,1,1,3
WBGene00010712,0,1,1,2
WBGene00010714,0,1,1,2
WBGene00010717,0,1,0,1
WBGene00010718,0,0,1,1
WBGene00010722,1,0,0,1
WBGene00010749,0,1,0,1
WBGene00010752,0,1,1,2
WBGene00010754,1,1,0,2
WBGene00010786,0,0,1,1
WBGene00010791,0,0,1,1
WBGene00010821,1,1,0,2
WBGene00010822,0,1,0,1
WBGene00010823,0,1,0,1
WBGene00010825,0,1,1,2
WBGene00010830,0,1,0,1
WBGene00010831,0,1,1,2
WBGene00010833,0,0,1,1
WBGene00010835,0,0,1,1
WBGene00010850,1,1,1,3
WBGene00010851,1,1,1,3
WBGene00010871,0,0,1,1
WBGene00010877,0,1,0,1
WBGene00010887,1,0,1,2
WBGene00010910,0,0,1,1
WBGene00010917,0,0,1,1
WBGene00010920,0,0,1,1
WBGene00010924,0,1,0,1
WBGene00010925,0,1,1,2
WBGene00010931,1,0,1,2
WBGene00010934,0,0,1,1
WBGene00010935,0,0,1,1
WBGene00010951,0,0,1,1
WBGene00010953,1,1,1,3
WBGene00010964,1,0,1,2
WBGene00010968,0,1,1,2
WBGene00010987,0,1,0,1
WBGene00010989,1,1,1,3
WBGene00010998,0,1,1,2
WBGene00011000,0,0,1,1
WBGene00011006,1,1,0,2
WBGene00011009,1,0,0,1
WBGene00011042,1,1,1,3
WBGene00011049,0,0,1,1
WBGene00011052,0,1,0,1
WBGene00011056,1,0,0,1
WBGene00011070,1,0,0,1
WBGene00011081,0,1,0,1
WBGene00011097,0,0,1,1
WBGene00011107,0,1,1,2
WBGene00011112,0,1,0,1
WBGene00011114,0,0,1,1
WBGene00011120,0,1,0,1
WBGene00011137,0,0,1,1
WBGene00011162,0,1,0,1
WBGene00011167,0,1,0,1
WBGene00011172,0,1,1,2
WBGene00011184,1,0,0,1
WBGene00011189,0,1,0,1
WBGene00011190,0,1,0,1
WBGene00011203,0,0,1,1
WBGene00011209,0,0,1,1
WBGene00011212,0,1,1,2
WBGene00011213,0,1,1,2
WBGene00011227,0,1,0,1
WBGene00011229,1,1,1,3
WBGene00011231,1,0,0,1
WBGene00011234,0,1,1,2
WBGene00011235,0,1,0,1
WBGene00011244,0,1,0,1
WBGene00011251,0,0,1,1
WBGene00011254,0,0,1,1
WBGene00011263,0,1,1,2
WBGene00011264,0,1,1,2
WBGene00011269,0,1,1,2
WBGene00011278,0,1,0,1
WBGene00011284,0,0,1,1
WBGene00011290,0,0,1,1
WBGene00011293,0,1,0,1
WBGene00011307,0,0,1,1
WBGene00011325,1,0,0,1
WBGene00011330,0,1,0,1
WBGene00011353,0,1,0,1
WBGene00011366,0,0,1,1
WBGene00011379,0,0,1,1
WBGene00011383,0,1,0,1
WBGene00011393,0,1,1,2
WBGene00011397,0,1,0,1
WBGene00011400,1,0,0,1
WBGene00011416,0,1,1,2
WBGene00011419,0,0,1,1
WBGene00011423,0,0,1,1
WBGene00011424,0,1,1,2
WBGene00011432,0,0,1,1
WBGene00011435,1,1,1,3
WBGene00011445,0,0,1,1
WBGene00011475,1,0,0,1
WBGene00011476,0,1,0,1
WBGene00011486,0,1,0,1
WBGene00011487,1,0,1,2
WBGene00011491,0,1,1,2
WBGene00011505,0,1,1,2
WBGene00011511,0,1,0,1
WBGene00011520,0,0,1,1
WBGene00011530,0,1,0,1
WBGene00011535,0,1,0,1
WBGene00011536,0,1,0,1
WBGene00011537,0,1,0,1
WBGene00011539,0,1,0,1
WBGene00011548,0,1,1,2
WBGene00011556,0,0,1,1
WBGene00011564,0,1,0,1
WBGene00011583,1,1,1,3
WBGene00011584,1,1,1,3
WBGene00011586,0,1,0,1
WBGene00011590,0,1,0,1
WBGene00011594,0,1,1,2
WBGene00011606,1,0,0,1
WBGene00011610,1,0,0,1
WBGene00011611,0,1,1,2
WBGene00011613,1,1,0,2
WBGene00011616,0,1,1,2
WBGene00011624,0,1,1,2
WBGene00011668,1,0,0,1
WBGene00011669,0,1,0,1
WBGene00011670,0,1,0,1
WBGene00011672,0,1,1,2
WBGene00011673,1,0,0,1
WBGene00011676,0,1,1,2
WBGene00011677,0,1,0,1
WBGene00011683,1,0,1,2
WBGene00011691,1,0,0,1
WBGene00011694,0,0,1,1
WBGene00011699,1,1,1,3
WBGene00011706,1,1,1,3
WBGene00011719,0,0,1,1
WBGene00011753,0,1,1,2
WBGene00011754,0,1,1,2
WBGene00011757,0,1,1,2
WBGene00011760,0,0,1,1
WBGene00011770,0,0,1,1
WBGene00011793,0,1,0,1
WBGene00011796,0,1,0,1
WBGene00011798,0,0,1,1
WBGene00011800,0,1,1,2
WBGene00011801,0,0,1,1
WBGene00011804,1,1,1,3
WBGene00011805,1,1,1,3
WBGene00011812,1,1,0,2
WBGene00011830,0,1,0,1
WBGene00011836,0,1,0,1
WBGene00011839,1,0,0,1
WBGene00011844,0,1,0,1
WBGene00011849,0,0,1,1
WBGene00011850,0,1,0,1
WBGene00011852,0,1,0,1
WBGene00011853,0,1,0,1
WBGene00011869,1,0,1,2
WBGene00011879,1,0,1,2
WBGene00011880,0,1,0,1
WBGene00011894,0,1,0,1
WBGene00011895,0,1,0,1
WBGene00011899,1,0,0,1
WBGene00011909,0,0,1,1
WBGene00011918,0,0,1,1
WBGene00011932,1,0,0,1
WBGene00011934,0,1,0,1
WBGene00011942,0,1,1,2
WBGene00011952,0,0,1,1
WBGene00011973,0,1,0,1
WBGene00011974,0,1,0,1
WBGene00011977,0,1,1,2
WBGene00011984,0,1,0,1
WBGene00011994,0,1,0,1
WBGene00011997,1,0,0,1
WBGene00011999,0,0,1,1
WBGene00012008,0,0,1,1
WBGene00012011,0,0,1,1
WBGene00012013,0,0,1,1
WBGene00012014,0,1,0,1
WBGene00012021,1,0,1,2
WBGene00012026,0,1,0,1
WBGene00012032,0,1,1,2
WBGene00012035,1,0,0,1
WBGene00012041,0,0,1,1
WBGene00012046,0,1,0,1
WBGene00012054,0,1,1,2
WBGene00012055,1,1,1,3
WBGene00012063,0,0,1,1
WBGene00012069,0,1,0,1
WBGene00012070,0,1,0,1
WBGene00012073,1,0,0,1
WBGene00012086,1,0,0,1
WBGene00012096,0,0,1,1
WBGene00012103,1,0,0,1
WBGene00012114,0,1,0,1
WBGene00012115,0,1,1,2
WBGene00012120,0,0,1,1
WBGene00012131,0,0,1,1
WBGene00012138,0,0,1,1
WBGene00012144,0,1,0,1
WBGene00012151,0,1,1,2
WBGene00012172,0,0,1,1
WBGene00012176,1,1,1,3
WBGene00012180,0,0,1,1
WBGene00012185,1,0,0,1
WBGene00012195,0,0,1,1
WBGene00012196,1,0,1,2
WBGene00012198,0,1,0,1
WBGene00012199,0,1,1,2
WBGene00012211,1,0,0,1
WBGene00012231,0,1,0,1
WBGene00012233,0,1,1,2
WBGene00012238,1,1,0,2
WBGene00012239,0,0,1,1
WBGene00012247,1,1,1,3
WBGene00012249,0,1,0,1
WBGene00012250,1,1,1,3
WBGene00012251,1,0,1,2
WBGene00012253,1,0,0,1
WBGene00012254,0,1,0,1
WBGene00012255,0,0,1,1
WBGene00012261,0,0,1,1
WBGene00012294,0,1,0,1
WBGene00012295,0,0,1,1
WBGene00012302,0,1,1,2
WBGene00012312,0,0,1,1
WBGene00012313,1,1,1,3
WBGene00012323,0,0,1,1
WBGene00012324,1,0,1,2
WBGene00012339,0,1,0,1
WBGene00012345,0,1,0,1
WBGene00012371,0,0,1,1
WBGene00012372,0,0,1,1
WBGene00012373,0,0,1,1
WBGene00012374,0,0,1,1
WBGene00012381,0,1,0,1
WBGene00012399,0,1,1,2
WBGene00012401,0,0,1,1
WBGene00012404,0,1,0,1
WBGene00012407,1,0,0,1
WBGene00012408,1,0,0,1
WBGene00012412,0,1,1,2
WBGene00012416,0,0,1,1
WBGene00012420,1,1,1,3
WBGene00012429,0,1,0,1
WBGene00012433,0,1,0,1
WBGene00012439,1,0,0,1
WBGene00012449,0,1,0,1
WBGene00012450,0,1,0,1
WBGene00012452,1,1,1,3
WBGene00012462,1,0,0,1
WBGene00012464,0,1,0,1
WBGene00012491,0,1,0,1
WBGene00012492,0,0,1,1
WBGene00012505,1,1,0,2
WBGene00012514,0,1,1,2
WBGene00012518,0,1,1,2
WBGene00012525,0,1,0,1
WBGene00012531,0,1,1,2
WBGene00012533,0,1,0,1
WBGene00012535,0,1,0,1
WBGene00012538,1,0,1,2
WBGene00012540,0,0,1,1
WBGene00012544,0,1,0,1
WBGene00012552,0,1,0,1
WBGene00012555,1,0,1,2
WBGene00012565,0,1,1,2
WBGene00012566,0,1,1,2
WBGene00012567,0,1,0,1
WBGene00012581,0,1,1,2
WBGene00012582,0,1,0,1
WBGene00012585,1,1,1,3
WBGene00012589,1,1,1,3
WBGene00012592,0,1,0,1
WBGene00012608,1,0,1,2
WBGene00012609,0,0,1,1
WBGene00012627,0,0,1,1
WBGene00012631,1,0,1,2
WBGene00012633,0,1,0,1
WBGene00012634,1,0,1,2
WBGene00012648,0,1,1,2
WBGene00012669,0,0,1,1
WBGene00012683,1,1,1,3
WBGene00012689,0,1,1,2
WBGene00012699,1,1,0,2
WBGene00012703,0,0,1,1
WBGene00012711,0,1,0,1
WBGene00012726,0,1,0,1
WBGene00012727,0,0,1,1
WBGene00012728,0,0,1,1
WBGene00012731,1,0,0,1
WBGene00012747,0,0,1,1
WBGene00012753,1,1,1,3
WBGene00012763,1,1,1,3
WBGene00012781,0,1,0,1
WBGene00012791,0,1,0,1
WBGene00012810,1,1,1,3
WBGene00012811,0,1,1,2
WBGene00012813,0,0,1,1
WBGene00012814,0,1,0,1
WBGene00012819,1,1,1,3
WBGene00012821,0,0,1,1
WBGene00012824,1,1,1,3
WBGene00012827,0,0,1,1
WBGene00012841,1,1,1,3
WBGene00012844,0,0,1,1
WBGene00012855,0,0,1,1
WBGene00012863,0,1,1,2
WBGene00012877,0,1,1,2
WBGene00012878,0,0,1,1
WBGene00012883,0,1,0,1
WBGene00012886,0,1,1,2
WBGene00012899,1,1,1,3
WBGene00012900,0,1,1,2
WBGene00012901,0,1,0,1
WBGene00012906,1,0,1,2
WBGene00012909,1,0,0,1
WBGene00012910,1,0,1,2
WBGene00012911,0,0,1,1
WBGene00012917,0,1,0,1
WBGene00012919,0,1,0,1
WBGene00012922,0,0,1,1
WBGene00012923,0,1,1,2
WBGene00012926,0,0,1,1
WBGene00012931,0,1,0,1
WBGene00012939,0,0,1,1
WBGene00012942,0,1,0,1
WBGene00012947,1,0,0,1
WBGene00012953,1,1,0,2
WBGene00012955,1,1,0,2
WBGene00012958,1,0,1,2
WBGene00012959,0,1,0,1
WBGene00012960,0,1,0,1
WBGene00012961,0,1,0,1
WBGene00012968,0,1,1,2
WBGene00012970,1,0,0,1
WBGene00012976,1,1,1,3
WBGene00012977,0,0,1,1
WBGene00012981,1,1,1,3
WBGene00012982,1,0,0,1
WBGene00013007,0,1,1,2
WBGene00013037,1,0,0,1
WBGene00013041,0,0,1,1
WBGene00013052,0,0,1,1
WBGene00013053,0,0,1,1
WBGene00013069,0,1,0,1
WBGene00013070,1,1,0,2
WBGene00013083,1,0,0,1
WBGene00013093,1,0,0,1
WBGene00013104,0,1,1,2
WBGene00013107,0,0,1,1
WBGene00013118,0,1,0,1
WBGene00013119,0,1,0,1
WBGene00013145,0,1,1,2
WBGene00013149,0,1,1,2
WBGene00013158,0,0,1,1
WBGene00013163,0,1,1,2
WBGene00013165,0,0,1,1
WBGene00013169,0,1,0,1
WBGene00013173,0,1,0,1
WBGene00013175,0,0,1,1
WBGene00013180,1,1,1,3
WBGene00013186,1,0,0,1
WBGene00013192,0,1,0,1
WBGene00013194,1,1,1,3
WBGene00013198,0,0,1,1
WBGene00013211,0,1,0,1
WBGene00013215,1,1,0,2
WBGene00013221,0,1,1,2
WBGene00013226,0,1,0,1
WBGene00013230,1,0,0,1
WBGene00013237,0,1,0,1
WBGene00013242,1,0,0,1
WBGene00013244,0,1,1,2
WBGene00013249,0,1,0,1
WBGene00013254,0,0,1,1
WBGene00013257,0,0,1,1
WBGene00013263,0,0,1,1
WBGene00013275,0,1,0,1
WBGene00013278,0,1,1,2
WBGene00013284,1,0,0,1
WBGene00013294,0,1,0,1
WBGene00013299,0,0,1,1
WBGene00013310,0,0,1,1
WBGene00013315,0,1,1,2
WBGene00013318,0,1,0,1
WBGene00013319,0,1,0,1
WBGene00013331,0,1,0,1
WBGene00013336,0,0,1,1
WBGene00013352,0,1,1,2
WBGene00013357,1,1,0,2
WBGene00013362,0,0,1,1
WBGene00013364,0,0,1,1
WBGene00013381,0,1,0,1
WBGene00013385,0,1,1,2
WBGene00013388,0,0,1,1
WBGene00013400,0,0,1,1
WBGene00013418,0,1,0,1
WBGene00013429,0,0,1,1
WBGene00013433,0,1,0,1
WBGene00013434,0,1,0,1
WBGene00013440,1,0,0,1
WBGene00013459,0,1,1,2
WBGene00013471,0,1,0,1
WBGene00013474,0,0,1,1
WBGene00013475,0,0,1,1
WBGene00013478,0,0,1,1
WBGene00013480,0,1,0,1
WBGene00013481,0,1,0,1
WBGene00013484,0,0,1,1
WBGene00013485,0,0,1,1
WBGene00013523,0,1,1,2
WBGene00013540,0,0,1,1
WBGene00013541,1,0,0,1
WBGene00013548,0,0,1,1
WBGene00013556,0,0,1,1
WBGene00013559,0,1,0,1
WBGene00013560,0,1,0,1
WBGene00013562,1,1,1,3
WBGene00013585,1,0,0,1
WBGene00013590,1,1,1,3
WBGene00013610,0,1,0,1
WBGene00013611,0,1,0,1
WBGene00013613,0,1,0,1
WBGene00013634,0,0,1,1
WBGene00013636,0,0,1,1
WBGene00013637,0,0,1,1
WBGene00013643,0,0,1,1
WBGene00013646,0,0,1,1
WBGene00013655,0,1,0,1
WBGene00013656,0,0,1,1
WBGene00013659,1,1,1,3
WBGene00013662,0,1,1,2
WBGene00013665,0,1,1,2
WBGene00013685,0,0,1,1
WBGene00013698,0,0,1,1
WBGene00013741,0,1,0,1
WBGene00013750,0,1,0,1
WBGene00013751,0,1,0,1
WBGene00013755,0,1,1,2
WBGene00013757,1,1,1,3
WBGene00013758,1,1,1,3
WBGene00013762,1,1,1,3
WBGene00013768,1,1,0,2
WBGene00013771,1,0,0,1
WBGene00013776,0,0,1,1
WBGene00013778,0,1,0,1
WBGene00013785,0,0,1,1
WBGene00013786,0,1,1,2
WBGene00013792,0,0,1,1
WBGene00013799,0,1,1,2
WBGene00013806,0,0,1,1
WBGene00013809,0,1,0,1
WBGene00013811,0,0,1,1
WBGene00013812,0,0,1,1
WBGene00013816,1,1,1,3
WBGene00013822,0,0,1,1
WBGene00013823,1,1,1,3
WBGene00013824,0,0,1,1
WBGene00013830,0,0,1,1
WBGene00013832,0,1,0,1
WBGene00013836,0,0,1,1
WBGene00013837,1,1,1,3
WBGene00013838,1,0,0,1
WBGene00013839,1,1,1,3
WBGene00013849,0,0,1,1
WBGene00013874,0,0,1,1
WBGene00013888,1,0,0,1
WBGene00013889,1,1,0,2
WBGene00013891,0,1,0,1
WBGene00013896,0,0,1,1
WBGene00013897,0,0,1,1
WBGene00013900,0,1,0,1
WBGene00013902,0,0,1,1
WBGene00013904,0,0,1,1
WBGene00013905,0,1,1,2
WBGene00013906,1,1,0,2
WBGene00013931,0,1,0,1
WBGene00013937,0,0,1,1
WBGene00013939,0,0,1,1
WBGene00013941,0,0,1,1
WBGene00013947,0,0,1,1
WBGene00013951,0,0,1,1
WBGene00013965,0,0,1,1
WBGene00013976,0,1,0,1
WBGene00013982,1,1,0,2
WBGene00013986,0,0,1,1
WBGene00013997,0,1,0,1
WBGene00013999,0,1,0,1
WBGene00014003,1,0,0,1
WBGene00014009,0,1,1,2
WBGene00014032,1,0,0,1
WBGene00014039,0,1,0,1
WBGene00014040,1,0,0,1
WBGene00014046,0,0,1,1
WBGene00014047,0,1,0,1
WBGene00014085,0,1,1,2
WBGene00014100,0,0,1,1
WBGene00014116,0,0,1,1
WBGene00014121,0,0,1,1
WBGene00014131,1,1,1,3
WBGene00014132,0,1,0,1
WBGene00014136,0,1,1,2
WBGene00014143,1,0,0,1
WBGene00014150,0,1,0,1
WBGene00014156,0,1,1,2
WBGene00014170,0,0,1,1
WBGene00014173,1,0,0,1
WBGene00014182,1,1,1,3
WBGene00014183,1,1,1,3
WBGene00014184,1,1,1,3
WBGene00014188,1,1,1,3
WBGene00014189,1,1,1,3
WBGene00014198,1,1,1,3
WBGene00014199,1,1,1,3
WBGene00014206,1,1,1,3
WBGene00014220,1,0,0,1
WBGene00014238,0,0,1,1
WBGene00014242,1,0,0,1
WBGene00014666,1,1,1,3
WBGene00014697,1,0,0,1
WBGene00014698,0,1,0,1
WBGene00014761,0,0,1,1
WBGene00014871,0,0,1,1
WBGene00014914,1,0,0,1
WBGene00015010,0,0,1,1
WBGene00015012,0,1,1,2
WBGene00015014,0,1,1,2
WBGene00015030,0,0,1,1
WBGene00015036,0,0,1,1
WBGene00015037,1,1,1,3
WBGene00015040,0,0,1,1
WBGene00015041,0,0,1,1
WBGene00015043,0,1,0,1
WBGene00015044,0,1,0,1
WBGene00015046,0,1,0,1
WBGene00015052,1,0,0,1
WBGene00015055,0,0,1,1
WBGene00015097,0,0,1,1
WBGene00015103,0,0,1,1
WBGene00015110,0,1,1,2
WBGene00015111,0,1,1,2
WBGene00015112,0,1,0,1
WBGene00015118,0,1,1,2
WBGene00015131,1,0,0,1
WBGene00015153,0,1,0,1
WBGene00015162,1,0,0,1
WBGene00015169,0,1,0,1
WBGene00015171,1,0,0,1
WBGene00015202,1,0,0,1
WBGene00015210,0,0,1,1
WBGene00015223,1,1,0,2
WBGene00015225,1,0,0,1
WBGene00015227,1,0,1,2
WBGene00015230,0,0,1,1
WBGene00015244,1,0,0,1
WBGene00015264,1,0,0,1
WBGene00015270,1,1,1,3
WBGene00015271,1,1,1,3
WBGene00015272,1,1,1,3
WBGene00015273,1,1,1,3
WBGene00015284,0,1,1,2
WBGene00015292,0,1,0,1
WBGene00015294,0,1,0,1
WBGene00015298,0,0,1,1
WBGene00015299,0,0,1,1
WBGene00015300,0,1,0,1
WBGene00015309,0,1,1,2
WBGene00015324,0,1,1,2
WBGene00015335,0,1,0,1
WBGene00015345,0,0,1,1
WBGene00015362,0,1,0,1
WBGene00015376,0,1,0,1
WBGene00015382,0,1,0,1
WBGene00015386,0,0,1,1
WBGene00015388,0,1,0,1
WBGene00015392,1,0,1,2
WBGene00015393,0,1,0,1
WBGene00015400,1,0,0,1
WBGene00015402,0,1,1,2
WBGene00015403,1,1,0,2
WBGene00015417,1,0,1,2
WBGene00015421,0,0,1,1
WBGene00015433,0,1,0,1
WBGene00015434,0,1,0,1
WBGene00015437,0,1,0,1
WBGene00015453,0,1,1,2
WBGene00015455,0,1,1,2
WBGene00015456,1,1,0,2
WBGene00015465,0,0,1,1
WBGene00015478,1,0,1,2
WBGene00015483,0,1,0,1
WBGene00015500,0,0,1,1
WBGene00015526,0,1,1,2
WBGene00015527,0,1,1,2
WBGene00015532,0,1,1,2
WBGene00015537,0,1,0,1
WBGene00015544,0,1,0,1
WBGene00015545,0,1,0,1
WBGene00015546,0,1,1,2
WBGene00015549,1,0,0,1
WBGene00015569,0,1,1,2
WBGene00015574,0,0,1,1
WBGene00015577,1,0,0,1
WBGene00015578,0,1,1,2
WBGene00015589,0,0,1,1
WBGene00015590,0,0,1,1
WBGene00015598,0,1,1,2
WBGene00015599,0,0,1,1
WBGene00015600,0,1,1,2
WBGene00015601,0,1,1,2
WBGene00015602,0,1,0,1
WBGene00015604,0,1,0,1
WBGene00015605,0,1,1,2
WBGene00015608,0,1,1,2
WBGene00015609,0,1,0,1
WBGene00015610,0,0,1,1
WBGene00015613,0,1,0,1
WBGene00015623,1,0,0,1
WBGene00015634,0,0,1,1
WBGene00015645,0,1,0,1
WBGene00015646,0,1,1,2
WBGene00015651,0,1,0,1
WBGene00015667,1,0,0,1
WBGene00015683,0,1,0,1
WBGene00015685,0,0,1,1
WBGene00015692,0,1,1,2
WBGene00015693,0,1,0,1
WBGene00015694,0,0,1,1
WBGene00015700,0,0,1,1
WBGene00015709,0,0,1,1
WBGene00015731,1,1,1,3
WBGene00015747,0,1,1,2
WBGene00015756,0,1,0,1
WBGene00015757,1,1,0,2
WBGene00015758,0,1,0,1
WBGene00015759,0,1,0,1
WBGene00015760,1,1,1,3
WBGene00015762,1,0,0,1
WBGene00015765,0,0,1,1
WBGene00015781,0,0,1,1
WBGene00015788,0,1,1,2
WBGene00015790,1,1,1,3
WBGene00015792,0,0,1,1
WBGene00015795,0,1,1,2
WBGene00015817,0,0,1,1
WBGene00015818,0,0,1,1
WBGene00015819,0,1,0,1
WBGene00015828,0,1,1,2
WBGene00015839,0,1,1,2
WBGene00015841,0,1,0,1
WBGene00015851,1,0,0,1
WBGene00015857,0,1,1,2
WBGene00015873,0,1,0,1
WBGene00015885,0,1,1,2
WBGene00015887,1,0,0,1
WBGene00015896,1,0,0,1
WBGene00015897,1,1,1,3
WBGene00015908,0,0,1,1
WBGene00015911,0,1,1,2
WBGene00015913,0,1,0,1
WBGene00015925,1,0,0,1
WBGene00015930,1,0,0,1
WBGene00015932,0,1,1,2
WBGene00015933,0,0,1,1
WBGene00015947,0,1,0,1
WBGene00015981,0,0,1,1
WBGene00015986,0,0,1,1
WBGene00015993,0,0,1,1
WBGene00016003,0,0,1,1
WBGene00016017,1,0,0,1
WBGene00016022,0,0,1,1
WBGene00016027,0,1,1,2
WBGene00016029,0,1,0,1
WBGene00016037,0,0,1,1
WBGene00016038,0,1,1,2
WBGene00016039,0,1,0,1
WBGene00016048,0,0,1,1
WBGene00016056,1,1,1,3
WBGene00016071,0,1,1,2
WBGene00016081,0,1,1,2
WBGene00016084,1,0,1,2
WBGene00016094,0,0,1,1
WBGene00016106,0,1,1,2
WBGene00016108,0,0,1,1
WBGene00016111,1,1,0,2
WBGene00016125,0,0,1,1
WBGene00016133,0,1,0,1
WBGene00016143,0,0,1,1
WBGene00016152,0,1,0,1
WBGene00016164,0,1,0,1
WBGene00016174,1,1,1,3
WBGene00016179,1,0,0,1
WBGene00016180,0,1,0,1
WBGene00016189,0,0,1,1
WBGene00016191,0,1,0,1
WBGene00016208,0,0,1,1
WBGene00016216,0,1,0,1
WBGene00016217,0,1,0,1
WBGene00016218,0,1,0,1
WBGene00016219,0,1,0,1
WBGene00016247,0,1,0,1
WBGene00016259,0,1,0,1
WBGene00016273,0,1,1,2
WBGene00016281,0,1,0,1
WBGene00016282,0,1,0,1
WBGene00016284,0,1,0,1
WBGene00016287,0,0,1,1
WBGene00016295,1,0,0,1
WBGene00016307,0,0,1,1
WBGene00016314,0,1,1,2
WBGene00016329,0,1,1,2
WBGene00016336,0,0,1,1
WBGene00016339,0,1,1,2
WBGene00016344,0,1,0,1
WBGene00016346,0,0,1,1
WBGene00016351,0,0,1,1
WBGene00016357,0,0,1,1
WBGene00016358,1,0,0,1
WBGene00016361,0,0,1,1
WBGene00016365,0,1,1,2
WBGene00016389,0,0,1,1
WBGene00016402,0,1,1,2
WBGene00016403,0,0,1,1
WBGene00016416,0,0,1,1
WBGene00016437,0,1,1,2
WBGene00016450,1,1,0,2
WBGene00016451,1,1,1,3
WBGene00016455,1,1,1,3
WBGene00016457,1,1,1,3
WBGene00016473,0,0,1,1
WBGene00016474,1,0,1,2
WBGene00016481,0,0,1,1
WBGene00016483,0,1,1,2
WBGene00016522,0,1,1,2
WBGene00016528,0,1,1,2
WBGene00016544,0,1,0,1
WBGene00016546,0,1,1,2
WBGene00016548,0,1,0,1
WBGene00016555,0,1,1,2
WBGene00016556,0,0,1,1
WBGene00016561,0,1,1,2
WBGene00016566,0,1,1,2
WBGene00016567,0,1,1,2
WBGene00016595,1,0,1,2
WBGene00016596,0,1,0,1
WBGene00016605,0,1,1,2
WBGene00016623,0,1,0,1
WBGene00016625,0,0,1,1
WBGene00016646,0,0,1,1
WBGene00016647,0,1,1,2
WBGene00016648,0,1,1,2
WBGene00016649,0,0,1,1
WBGene00016663,0,1,0,1
WBGene00016697,1,0,1,2
WBGene00016710,0,0,1,1
WBGene00016712,1,1,1,3
WBGene00016714,1,1,1,3
WBGene00016717,0,1,1,2
WBGene00016719,0,1,1,2
WBGene00016732,0,0,1,1
WBGene00016733,0,0,1,1
WBGene00016745,0,1,1,2
WBGene00016756,0,1,1,2
WBGene00016758,0,0,1,1
WBGene00016759,0,1,1,2
WBGene00016779,1,0,0,1
WBGene00016781,0,0,1,1
WBGene00016782,0,1,1,2
WBGene00016785,0,1,1,2
WBGene00016805,0,1,0,1
WBGene00016806,0,1,1,2
WBGene00016809,0,0,1,1
WBGene00016813,0,1,0,1
WBGene00016820,0,1,0,1
WBGene00016822,0,1,1,2
WBGene00016824,0,1,1,2
WBGene00016826,0,0,1,1
WBGene00016843,0,0,1,1
WBGene00016849,0,0,1,1
WBGene00016863,0,1,1,2
WBGene00016864,0,0,1,1
WBGene00016866,0,0,1,1
WBGene00016872,1,0,0,1
WBGene00016874,1,0,0,1
WBGene00016877,0,0,1,1
WBGene00016880,1,0,0,1
WBGene00016883,0,1,1,2
WBGene00016884,0,1,1,2
WBGene00016885,0,1,1,2
WBGene00016886,1,0,0,1
WBGene00016892,1,0,0,1
WBGene00016896,1,0,1,2
WBGene00016905,1,0,0,1
WBGene00016912,0,0,1,1
WBGene00016915,0,1,0,1
WBGene00016920,0,1,0,1
WBGene00016923,0,0,1,1
WBGene00016948,0,0,1,1
WBGene00016951,0,1,1,2
WBGene00016998,0,0,1,1
WBGene00017009,0,0,1,1
WBGene00017018,0,1,1,2
WBGene00017032,1,1,1,3
WBGene00017038,0,0,1,1
WBGene00017048,1,0,0,1
WBGene00017050,0,0,1,1
WBGene00017052,0,1,1,2
WBGene00017055,1,0,0,1
WBGene00017056,1,0,0,1
WBGene00017059,1,0,0,1
WBGene00017060,1,1,1,3
WBGene00017069,0,1,0,1
WBGene00017071,0,0,1,1
WBGene00017073,0,1,0,1
WBGene00017077,1,1,0,2
WBGene00017078,0,1,1,2
WBGene00017082,0,1,1,2
WBGene00017092,0,1,1,2
WBGene00017101,0,0,1,1
WBGene00017105,0,1,1,2
WBGene00017114,0,0,1,1
WBGene00017123,1,1,0,2
WBGene00017124,1,0,0,1
WBGene00017127,0,1,1,2
WBGene00017133,1,1,1,3
WBGene00017148,0,1,0,1
WBGene00017153,0,0,1,1
WBGene00017185,0,1,0,1
WBGene00017186,1,1,0,2
WBGene00017190,1,1,1,3
WBGene00017199,0,1,0,1
WBGene00017200,1,0,1,2
WBGene00017201,0,1,1,2
WBGene00017213,0,1,1,2
WBGene00017214,0,1,1,2
WBGene00017225,0,0,1,1
WBGene00017243,1,0,0,1
WBGene00017246,0,1,0,1
WBGene00017264,0,0,1,1
WBGene00017265,1,1,0,2
WBGene00017275,1,0,0,1
WBGene00017292,1,0,0,1
WBGene00017294,0,1,1,2
WBGene00017301,1,0,1,2
WBGene00017307,0,0,1,1
WBGene00017315,1,1,1,3
WBGene00017320,1,0,0,1
WBGene00017325,1,0,0,1
WBGene00017327,1,1,0,2
WBGene00017329,0,1,1,2
WBGene00017332,1,0,0,1
WBGene00017335,1,0,0,1
WBGene00017336,0,0,1,1
WBGene00017340,1,0,0,1
WBGene00017341,0,0,1,1
WBGene00017344,1,1,1,3
WBGene00017352,1,1,1,3
WBGene00017353,1,0,0,1
WBGene00017354,0,0,1,1
WBGene00017361,0,1,0,1
WBGene00017363,0,1,1,2
WBGene00017367,0,1,0,1
WBGene00017379,0,1,0,1
WBGene00017382,0,1,0,1
WBGene00017384,0,0,1,1
WBGene00017386,1,0,1,2
WBGene00017387,0,1,1,2
WBGene00017393,0,1,1,2
WBGene00017395,1,0,0,1
WBGene00017405,1,1,1,3
WBGene00017407,1,1,1,3
WBGene00017413,1,0,0,1
WBGene00017422,0,1,1,2
WBGene00017433,0,0,1,1
WBGene00017436,0,0,1,1
WBGene00017437,0,0,1,1
WBGene00017438,0,1,0,1
WBGene00017440,0,0,1,1
WBGene00017444,0,0,1,1
WBGene00017445,0,0,1,1
WBGene00017446,1,0,0,1
WBGene00017450,0,1,0,1
WBGene00017451,0,1,1,2
WBGene00017452,1,1,1,3
WBGene00017453,1,1,1,3
WBGene00017456,0,1,0,1
WBGene00017459,1,1,1,3
WBGene00017460,0,1,1,2
WBGene00017461,1,1,1,3
WBGene00017462,0,1,1,2
WBGene00017464,1,0,0,1
WBGene00017469,0,1,1,2
WBGene00017475,1,0,0,1
WBGene00017485,0,0,1,1
WBGene00017487,0,1,0,1
WBGene00017488,0,0,1,1
WBGene00017490,0,1,1,2
WBGene00017498,0,1,1,2
WBGene00017499,0,1,1,2
WBGene00017500,0,1,1,2
WBGene00017501,0,1,1,2
WBGene00017504,0,1,0,1
WBGene00017507,0,0,1,1
WBGene00017510,0,0,1,1
WBGene00017520,0,1,1,2
WBGene00017539,0,1,0,1
WBGene00017541,0,1,0,1
WBGene00017545,0,0,1,1
WBGene00017553,0,1,1,2
WBGene00017554,0,0,1,1
WBGene00017555,1,1,1,3
WBGene00017556,1,0,0,1
WBGene00017567,0,1,1,2
WBGene00017577,0,1,1,2
WBGene00017583,1,1,0,2
WBGene00017584,1,1,1,3
WBGene00017589,1,1,0,2
WBGene00017592,0,1,0,1
WBGene00017593,0,1,0,1
WBGene00017594,0,1,0,1
WBGene00017618,0,0,1,1
WBGene00017625,0,0,1,1
WBGene00017632,0,0,1,1
WBGene00017648,0,0,1,1
WBGene00017651,0,1,1,2
WBGene00017658,1,1,0,2
WBGene00017678,1,1,1,3
WBGene00017690,0,0,1,1
WBGene00017700,0,0,1,1
WBGene00017706,0,1,0,1
WBGene00017707,1,1,0,2
WBGene00017711,1,0,1,2
WBGene00017713,0,0,1,1
WBGene00017714,1,0,0,1
WBGene00017715,1,0,0,1
WBGene00017716,0,1,1,2
WBGene00017719,1,0,0,1
WBGene00017726,0,1,0,1
WBGene00017727,0,1,0,1
WBGene00017732,0,1,0,1
WBGene00017737,0,0,1,1
WBGene00017738,0,1,0,1
WBGene00017743,0,1,0,1
WBGene00017748,0,0,1,1
WBGene00017755,0,0,1,1
WBGene00017762,0,0,1,1
WBGene00017783,0,1,1,2
WBGene00017785,1,0,1,2
WBGene00017794,0,1,1,2
WBGene00017798,0,1,0,1
WBGene00017807,0,0,1,1
WBGene00017808,1,0,0,1
WBGene00017848,0,0,1,1
WBGene00017867,0,1,0,1
WBGene00017869,0,0,1,1
WBGene00017872,0,1,0,1
WBGene00017873,0,1,0,1
WBGene00017880,0,1,0,1
WBGene00017881,0,1,1,2
WBGene00017893,0,1,0,1
WBGene00017908,1,0,0,1
WBGene00017912,1,1,1,3
WBGene00017930,1,1,1,3
WBGene00017937,0,1,0,1
WBGene00017944,0,1,1,2
WBGene00017949,1,0,0,1
WBGene00017957,0,1,1,2
WBGene00017959,0,0,1,1
WBGene00017976,1,1,1,3
WBGene00017977,0,1,1,2
WBGene00017978,0,1,1,2
WBGene00017991,0,1,0,1
WBGene00017998,0,1,0,1
WBGene00018001,0,1,0,1
WBGene00018021,0,0,1,1
WBGene00018026,0,1,0,1
WBGene00018036,0,0,1,1
WBGene00018039,0,1,0,1
WBGene00018041,0,1,0,1
WBGene00018050,0,1,1,2
WBGene00018052,0,1,1,2
WBGene00018060,0,0,1,1
WBGene00018061,0,0,1,1
WBGene00018062,0,1,0,1
WBGene00018073,0,1,1,2
WBGene00018096,1,0,0,1
WBGene00018099,0,0,1,1
WBGene00018100,0,1,1,2
WBGene00018103,0,1,0,1
WBGene00018104,0,0,1,1
WBGene00018112,0,1,0,1
WBGene00018113,0,1,0,1
WBGene00018122,0,0,1,1
WBGene00018124,0,1,1,2
WBGene00018135,0,0,1,1
WBGene00018143,0,1,1,2
WBGene00018170,0,1,1,2
WBGene00018178,0,0,1,1
WBGene00018184,0,0,1,1
WBGene00018189,0,0,1,1
WBGene00018195,1,1,1,3
WBGene00018196,0,1,1,2
WBGene00018198,0,1,1,2
WBGene00018200,1,1,0,2
WBGene00018203,1,1,1,3
WBGene00018223,0,1,0,1
WBGene00018227,0,0,1,1
WBGene00018229,1,1,1,3
WBGene00018232,1,0,1,2
WBGene00018236,1,0,0,1
WBGene00018241,0,1,0,1
WBGene00018261,0,1,1,2
WBGene00018262,1,0,0,1
WBGene00018265,0,1,1,2
WBGene00018268,0,0,1,1
WBGene00018278,1,0,0,1
WBGene00018282,0,1,1,2
WBGene00018292,0,1,0,1
WBGene00018300,0,0,1,1
WBGene00018328,0,0,1,1
WBGene00018335,1,1,1,3
WBGene00018345,0,1,0,1
WBGene00018351,0,0,1,1
WBGene00018352,0,1,1,2
WBGene00018353,1,1,1,3
WBGene00018354,0,1,1,2
WBGene00018355,1,1,1,3
WBGene00018360,0,0,1,1
WBGene00018375,1,1,1,3
WBGene00018393,1,0,0,1
WBGene00018394,1,1,0,2
WBGene00018413,0,1,1,2
WBGene00018418,0,1,1,2
WBGene00018424,0,1,0,1
WBGene00018430,0,1,0,1
WBGene00018436,0,0,1,1
WBGene00018437,0,0,1,1
WBGene00018438,0,0,1,1
WBGene00018439,0,0,1,1
WBGene00018443,0,1,1,2
WBGene00018444,0,0,1,1
WBGene00018452,0,0,1,1
WBGene00018455,0,1,1,2
WBGene00018456,1,0,0,1
WBGene00018459,0,1,1,2
WBGene00018460,1,1,1,3
WBGene00018465,0,1,1,2
WBGene00018483,0,1,0,1
WBGene00018487,0,1,0,1
WBGene00018489,1,1,1,3
WBGene00018493,0,1,0,1
WBGene00018497,1,0,1,2
WBGene00018500,1,0,1,2
WBGene00018506,0,0,1,1
WBGene00018507,0,1,1,2
WBGene00018515,0,1,1,2
WBGene00018529,0,0,1,1
WBGene00018543,0,1,1,2
WBGene00018563,0,0,1,1
WBGene00018568,0,0,1,1
WBGene00018572,0,1,0,1
WBGene00018573,0,1,1,2
WBGene00018575,0,1,1,2
WBGene00018579,1,0,0,1
WBGene00018580,0,0,1,1
WBGene00018591,0,1,0,1
WBGene00018594,0,0,1,1
WBGene00018601,0,0,1,1
WBGene00018606,1,1,1,3
WBGene00018611,0,0,1,1
WBGene00018614,0,0,1,1
WBGene00018615,0,1,0,1
WBGene00018616,0,1,0,1
WBGene00018619,0,1,1,2
WBGene00018621,0,1,1,2
WBGene00018622,0,0,1,1
WBGene00018623,0,0,1,1
WBGene00018624,0,1,1,2
WBGene00018630,0,1,1,2
WBGene00018634,0,1,0,1
WBGene00018639,0,1,1,2
WBGene00018640,0,1,1,2
WBGene00018647,0,1,1,2
WBGene00018652,0,1,1,2
WBGene00018656,0,0,1,1
WBGene00018659,0,1,1,2
WBGene00018660,0,1,1,2
WBGene00018661,0,1,1,2
WBGene00018665,0,0,1,1
WBGene00018667,0,1,1,2
WBGene00018668,0,1,1,2
WBGene00018675,1,0,0,1
WBGene00018682,0,1,0,1
WBGene00018706,0,1,0,1
WBGene00018724,0,1,1,2
WBGene00018729,0,1,0,1
WBGene00018737,0,1,0,1
WBGene00018738,0,0,1,1
WBGene00018744,0,1,1,2
WBGene00018745,0,0,1,1
WBGene00018746,0,0,1,1
WBGene00018748,0,1,1,2
WBGene00018752,0,1,0,1
WBGene00018755,0,0,1,1
WBGene00018760,0,1,0,1
WBGene00018772,0,0,1,1
WBGene00018781,0,1,0,1
WBGene00018783,0,0,1,1
WBGene00018795,0,1,0,1
WBGene00018803,0,1,0,1
WBGene00018805,1,0,1,2
WBGene00018808,0,1,0,1
WBGene00018823,0,1,1,2
WBGene00018839,0,0,1,1
WBGene00018844,1,1,1,3
WBGene00018865,1,0,1,2
WBGene00018874,0,1,0,1
WBGene00018878,1,0,0,1
WBGene00018880,0,1,0,1
WBGene00018903,0,1,0,1
WBGene00018910,1,1,1,3
WBGene00018911,1,1,1,3
WBGene00018912,0,1,0,1
WBGene00018917,1,1,1,3
WBGene00018918,1,0,1,2
WBGene00018920,1,1,1,3
WBGene00018921,0,1,0,1
WBGene00018928,0,0,1,1
WBGene00018931,0,1,1,2
WBGene00018939,0,1,1,2
WBGene00018958,1,0,0,1
WBGene00018965,0,0,1,1
WBGene00018969,0,1,0,1
WBGene00018971,1,0,1,2
WBGene00018986,0,0,1,1
WBGene00018989,0,1,0,1
WBGene00018997,0,0,1,1
WBGene00019014,0,1,0,1
WBGene00019016,0,1,0,1
WBGene00019020,0,0,1,1
WBGene00019021,0,0,1,1
WBGene00019022,1,0,0,1
WBGene00019026,1,1,0,2
WBGene00019039,1,0,0,1
WBGene00019043,0,1,0,1
WBGene00019044,1,1,1,3
WBGene00019047,0,0,1,1
WBGene00019055,0,1,1,2
WBGene00019057,0,1,0,1
WBGene00019058,0,1,0,1
WBGene00019060,1,0,0,1
WBGene00019063,0,0,1,1
WBGene00019069,0,1,0,1
WBGene00019070,0,0,1,1
WBGene00019073,0,1,1,2
WBGene00019094,0,1,1,2
WBGene00019108,0,0,1,1
WBGene00019115,0,0,1,1
WBGene00019116,0,1,1,2
WBGene00019120,1,1,1,3
WBGene00019132,0,1,1,2
WBGene00019138,0,0,1,1
WBGene00019139,0,1,0,1
WBGene00019140,0,1,1,2
WBGene00019141,0,1,1,2
WBGene00019142,0,1,1,2
WBGene00019143,0,1,1,2
WBGene00019146,0,1,0,1
WBGene00019148,0,1,1,2
WBGene00019178,1,1,0,2
WBGene00019179,1,1,0,2
WBGene00019183,0,1,0,1
WBGene00019184,0,1,0,1
WBGene00019188,1,0,0,1
WBGene00019189,1,1,1,3
WBGene00019194,1,1,0,2
WBGene00019197,0,1,1,2
WBGene00019198,0,0,1,1
WBGene00019200,1,0,0,1
WBGene00019212,0,0,1,1
WBGene00019213,0,1,0,1
WBGene00019216,0,0,1,1
WBGene00019233,1,0,0,1
WBGene00019243,1,0,0,1
WBGene00019267,0,1,1,2
WBGene00019268,1,0,0,1
WBGene00019272,0,1,0,1
WBGene00019279,0,0,1,1
WBGene00019282,0,0,1,1
WBGene00019286,1,0,0,1
WBGene00019289,0,0,1,1
WBGene00019309,0,1,1,2
WBGene00019313,0,1,1,2
WBGene00019319,0,0,1,1
WBGene00019322,1,0,0,1
WBGene00019337,1,1,0,2
WBGene00019338,1,1,1,3
WBGene00019341,0,1,1,2
WBGene00019348,0,1,0,1
WBGene00019395,0,1,0,1
WBGene00019404,1,0,0,1
WBGene00019410,0,0,1,1
WBGene00019414,1,0,0,1
WBGene00019415,1,1,0,2
WBGene00019417,1,0,1,2
WBGene00019418,0,1,1,2
WBGene00019420,0,0,1,1
WBGene00019421,0,1,1,2
WBGene00019436,0,1,0,1
WBGene00019437,0,1,0,1
WBGene00019438,0,1,1,2
WBGene00019444,0,1,0,1
WBGene00019448,0,0,1,1
WBGene00019449,1,1,1,3
WBGene00019450,1,1,1,3
WBGene00019459,0,0,1,1
WBGene00019466,0,0,1,1
WBGene00019471,0,1,0,1
WBGene00019472,0,1,0,1
WBGene00019473,1,1,0,2
WBGene00019495,0,1,0,1
WBGene00019506,0,0,1,1
WBGene00019514,0,1,1,2
WBGene00019516,0,0,1,1
WBGene00019520,0,1,1,2
WBGene00019530,0,1,1,2
WBGene00019531,0,1,1,2
WBGene00019546,0,1,0,1
WBGene00019550,0,0,1,1
WBGene00019561,0,1,1,2
WBGene00019563,0,0,1,1
WBGene00019564,0,1,0,1
WBGene00019576,0,1,0,1
WBGene00019577,0,1,0,1
WBGene00019580,0,0,1,1
WBGene00019586,0,1,1,2
WBGene00019589,0,1,1,2
WBGene00019590,0,1,1,2
WBGene00019591,1,1,0,2
WBGene00019592,0,1,1,2
WBGene00019593,0,1,1,2
WBGene00019597,1,0,0,1
WBGene00019598,1,1,1,3
WBGene00019599,1,0,0,1
WBGene00019604,0,1,0,1
WBGene00019605,0,0,1,1
WBGene00019622,0,0,1,1
WBGene00019640,0,1,0,1
WBGene00019641,0,1,0,1
WBGene00019644,1,0,1,2
WBGene00019647,0,1,1,2
WBGene00019650,0,1,0,1
WBGene00019654,1,0,1,2
WBGene00019660,0,0,1,1
WBGene00019661,1,1,0,2
WBGene00019662,0,1,0,1
WBGene00019666,1,0,0,1
WBGene00019683,1,0,0,1
WBGene00019684,1,0,0,1
WBGene00019690,0,0,1,1
WBGene00019699,0,1,1,2
WBGene00019704,0,0,1,1
WBGene00019715,1,0,0,1
WBGene00019717,0,1,0,1
WBGene00019718,1,1,1,3
WBGene00019720,0,1,1,2
WBGene00019721,0,1,1,2
WBGene00019723,0,1,1,2
WBGene00019724,0,1,0,1
WBGene00019730,0,0,1,1
WBGene00019731,0,1,1,2
WBGene00019732,0,0,1,1
WBGene00019738,1,1,0,2
WBGene00019742,0,1,0,1
WBGene00019743,0,1,1,2
WBGene00019744,0,1,1,2
WBGene00019756,0,1,0,1
WBGene00019759,0,1,1,2
WBGene00019761,0,1,0,1
WBGene00019772,1,0,0,1
WBGene00019783,0,0,1,1
WBGene00019785,0,0,1,1
WBGene00019787,0,1,0,1
WBGene00019797,0,0,1,1
WBGene00019803,1,0,0,1
WBGene00019815,1,0,1,2
WBGene00019817,0,1,0,1
WBGene00019818,0,1,0,1
WBGene00019830,0,1,0,1
WBGene00019831,1,1,0,2
WBGene00019837,0,0,1,1
WBGene00019839,0,1,0,1
WBGene00019858,1,1,0,2
WBGene00019859,0,1,1,2
WBGene00019865,0,1,0,1
WBGene00019886,0,0,1,1
WBGene00019895,0,0,1,1
WBGene00019899,0,1,0,1
WBGene00019901,0,0,1,1
WBGene00019908,0,1,0,1
WBGene00019914,1,0,1,2
WBGene00019917,0,1,0,1
WBGene00019918,0,1,0,1
WBGene00019921,1,0,1,2
WBGene00019922,0,1,1,2
WBGene00019923,1,0,0,1
WBGene00019924,0,0,1,1
WBGene00019925,1,1,0,2
WBGene00019926,0,0,1,1
WBGene00019931,0,1,1,2
WBGene00019935,0,0,1,1
WBGene00019952,1,0,1,2
WBGene00019956,0,0,1,1
WBGene00019961,1,1,1,3
WBGene00019962,0,0,1,1
WBGene00019963,1,0,0,1
WBGene00019964,0,1,0,1
WBGene00019965,0,1,0,1
WBGene00019967,0,1,1,2
WBGene00019968,0,1,1,2
WBGene00019970,1,1,1,3
WBGene00019971,0,0,1,1
WBGene00019973,0,1,0,1
WBGene00019975,0,0,1,1
WBGene00019978,0,1,0,1
WBGene00019979,0,1,0,1
WBGene00019989,1,0,0,1
WBGene00019991,0,1,0,1
WBGene00019997,0,1,0,1
WBGene00020015,0,1,1,2
WBGene00020017,0,1,0,1
WBGene00020027,0,1,0,1
WBGene00020035,0,1,0,1
WBGene00020066,0,0,1,1
WBGene00020067,1,0,0,1
WBGene00020070,0,1,0,1
WBGene00020072,0,1,1,2
WBGene00020073,0,0,1,1
WBGene00020080,0,1,1,2
WBGene00020083,0,1,1,2
WBGene00020106,1,0,1,2
WBGene00020116,0,0,1,1
WBGene00020117,0,0,1,1
WBGene00020121,0,0,1,1
WBGene00020128,0,1,0,1
WBGene00020134,0,0,1,1
WBGene00020135,0,0,1,1
WBGene00020140,0,0,1,1
WBGene00020149,1,0,0,1
WBGene00020151,0,0,1,1
WBGene00020153,0,0,1,1
WBGene00020156,0,0,1,1
WBGene00020177,0,0,1,1
WBGene00020182,1,0,1,2
WBGene00020194,0,0,1,1
WBGene00020218,0,1,0,1
WBGene00020236,0,0,1,1
WBGene00020237,0,0,1,1
WBGene00020240,0,0,1,1
WBGene00020241,0,0,1,1
WBGene00020242,0,0,1,1
WBGene00020245,0,1,1,2
WBGene00020248,0,1,1,2
WBGene00020254,0,0,1,1
WBGene00020276,0,1,0,1
WBGene00020281,0,1,1,2
WBGene00020282,0,0,1,1
WBGene00020283,0,1,0,1
WBGene00020293,0,0,1,1
WBGene00020307,0,1,1,2
WBGene00020311,0,0,1,1
WBGene00020315,0,0,1,1
WBGene00020320,0,1,1,2
WBGene00020326,1,1,1,3
WBGene00020329,0,1,0,1
WBGene00020335,0,1,0,1
WBGene00020341,0,1,1,2
WBGene00020343,1,0,0,1
WBGene00020349,1,0,0,1
WBGene00020357,1,1,1,3
WBGene00020358,0,1,1,2
WBGene00020359,0,1,1,2
WBGene00020360,0,1,1,2
WBGene00020362,0,1,0,1
WBGene00020363,0,0,1,1
WBGene00020365,0,0,1,1
WBGene00020379,0,0,1,1
WBGene00020390,0,0,1,1
WBGene00020421,0,1,0,1
WBGene00020435,0,0,1,1
WBGene00020438,0,1,0,1
WBGene00020445,0,0,1,1
WBGene00020446,0,0,1,1
WBGene00020448,0,1,1,2
WBGene00020449,1,1,0,2
WBGene00020450,1,1,1,3
WBGene00020451,0,1,1,2
WBGene00020453,1,1,1,3
WBGene00020455,1,1,1,3
WBGene00020456,1,1,1,3
WBGene00020457,0,1,1,2
WBGene00020460,1,1,0,2
WBGene00020465,0,1,1,2
WBGene00020469,0,0,1,1
WBGene00020476,0,1,1,2
WBGene00020483,0,1,0,1
WBGene00020489,0,0,1,1
WBGene00020501,0,0,1,1
WBGene00020502,0,0,1,1
WBGene00020516,0,1,1,2
WBGene00020528,0,0,1,1
WBGene00020530,1,0,0,1
WBGene00020532,0,1,0,1
WBGene00020533,0,1,0,1
WBGene00020534,0,1,1,2
WBGene00020537,0,1,0,1
WBGene00020541,0,0,1,1
WBGene00020544,0,1,0,1
WBGene00020550,0,1,1,2
WBGene00020551,0,1,0,1
WBGene00020554,0,1,1,2
WBGene00020555,0,0,1,1
WBGene00020560,0,1,0,1
WBGene00020561,1,1,0,2
WBGene00020587,1,1,0,2
WBGene00020599,0,1,0,1
WBGene00020611,0,0,1,1
WBGene00020612,0,1,0,1
WBGene00020627,0,0,1,1
WBGene00020640,0,1,0,1
WBGene00020646,0,1,0,1
WBGene00020652,0,1,0,1
WBGene00020670,0,1,0,1
WBGene00020673,0,1,0,1
WBGene00020690,0,0,1,1
WBGene00020697,0,1,1,2
WBGene00020698,0,0,1,1
WBGene00020700,1,0,0,1
WBGene00020703,0,0,1,1
WBGene00020707,0,1,1,2
WBGene00020708,0,1,0,1
WBGene00020730,0,0,1,1
WBGene00020732,0,1,0,1
WBGene00020744,1,1,0,2
WBGene00020758,1,0,1,2
WBGene00020760,0,1,0,1
WBGene00020761,1,1,1,3
WBGene00020766,0,1,0,1
WBGene00020774,1,1,1,3
WBGene00020777,1,0,0,1
WBGene00020778,1,1,1,3
WBGene00020794,0,1,0,1
WBGene00020799,0,1,0,1
WBGene00020802,0,1,0,1
WBGene00020803,0,1,0,1
WBGene00020834,0,1,1,2
WBGene00020835,0,1,1,2
WBGene00020837,1,1,1,3
WBGene00020841,0,0,1,1
WBGene00020844,1,1,1,3
WBGene00020846,0,1,1,2
WBGene00020847,0,1,0,1
WBGene00020849,0,1,0,1
WBGene00020850,0,1,1,2
WBGene00020855,0,1,1,2
WBGene00020862,1,0,0,1
WBGene00020864,0,0,1,1
WBGene00020869,1,1,0,2
WBGene00020883,0,1,0,1
WBGene00020911,0,0,1,1
WBGene00020913,0,0,1,1
WBGene00020917,0,0,1,1
WBGene00020924,1,0,1,2
WBGene00020939,1,0,1,2
WBGene00020945,1,0,0,1
WBGene00020977,0,0,1,1
WBGene00020985,0,0,1,1
WBGene00020987,0,0,1,1
WBGene00020990,1,0,0,1
WBGene00021000,0,0,1,1
WBGene00021002,1,0,0,1
WBGene00021008,0,0,1,1
WBGene00021010,0,0,1,1
WBGene00021011,0,1,1,2
WBGene00021015,0,0,1,1
WBGene00021042,0,0,1,1
WBGene00021079,0,0,1,1
WBGene00021080,1,0,0,1
WBGene00021081,1,1,0,2
WBGene00021083,0,1,0,1
WBGene00021084,0,1,0,1
WBGene00021085,0,1,1,2
WBGene00021086,0,1,0,1
WBGene00021089,0,1,1,2
WBGene00021106,0,1,0,1
WBGene00021107,1,1,0,2
WBGene00021117,0,0,1,1
WBGene00021121,0,0,1,1
WBGene00021127,1,0,1,2
WBGene00021128,0,1,0,1
WBGene00021134,0,1,1,2
WBGene00021135,0,1,1,2
WBGene00021136,1,1,0,2
WBGene00021137,1,1,1,3
WBGene00021163,0,0,1,1
WBGene00021168,0,1,1,2
WBGene00021178,0,1,0,1
WBGene00021183,1,0,1,2
WBGene00021190,0,0,1,1
WBGene00021192,0,1,1,2
WBGene00021197,0,0,1,1
WBGene00021201,1,0,0,1
WBGene00021205,1,1,1,3
WBGene00021207,1,1,1,3
WBGene00021213,0,1,0,1
WBGene00021219,1,1,1,3
WBGene00021220,1,1,1,3
WBGene00021222,1,1,1,3
WBGene00021224,1,1,1,3
WBGene00021226,1,1,1,3
WBGene00021227,1,1,1,3
WBGene00021235,0,1,1,2
WBGene00021237,1,0,0,1
WBGene00021239,1,0,1,2
WBGene00021249,1,0,0,1
WBGene00021253,0,1,0,1
WBGene00021256,1,1,0,2
WBGene00021262,1,0,0,1
WBGene00021268,0,1,0,1
WBGene00021269,0,0,1,1
WBGene00021275,1,0,0,1
WBGene00021280,0,1,1,2
WBGene00021287,0,0,1,1
WBGene00021293,0,0,1,1
WBGene00021296,0,1,1,2
WBGene00021298,1,0,0,1
WBGene00021309,0,1,0,1
WBGene00021310,1,0,0,1
WBGene00021326,0,1,1,2
WBGene00021333,0,1,0,1
WBGene00021336,0,0,1,1
WBGene00021337,0,1,0,1
WBGene00021338,0,1,1,2
WBGene00021339,0,1,0,1
WBGene00021340,0,0,1,1
WBGene00021343,0,1,0,1
WBGene00021345,0,0,1,1
WBGene00021349,1,0,0,1
WBGene00021368,0,0,1,1
WBGene00021370,0,1,0,1
WBGene00021386,1,0,1,2
WBGene00021389,0,1,1,2
WBGene00021398,0,0,1,1
WBGene00021403,0,0,1,1
WBGene00021405,0,1,0,1
WBGene00021407,0,0,1,1
WBGene00021409,0,1,0,1
WBGene00021435,1,1,1,3
WBGene00021446,1,0,0,1
WBGene00021448,0,0,1,1
WBGene00021458,1,1,1,3
WBGene00021463,1,1,1,3
WBGene00021472,1,1,1,3
WBGene00021485,1,0,1,2
WBGene00021487,0,0,1,1
WBGene00021490,0,1,0,1
WBGene00021491,0,0,1,1
WBGene00021492,0,1,1,2
WBGene00021495,0,1,1,2
WBGene00021496,1,1,1,3
WBGene00021497,0,1,1,2
WBGene00021503,0,1,0,1
WBGene00021505,0,1,0,1
WBGene00021508,0,0,1,1
WBGene00021513,0,1,0,1
WBGene00021517,0,0,1,1
WBGene00021519,0,0,1,1
WBGene00021525,0,1,0,1
WBGene00021527,0,1,0,1
WBGene00021529,0,0,1,1
WBGene00021557,0,1,0,1
WBGene00021566,0,1,0,1
WBGene00021579,0,1,1,2
WBGene00021580,1,0,1,2
WBGene00021582,0,1,1,2
WBGene00021583,0,1,1,2
WBGene00021585,1,1,0,2
WBGene00021586,0,1,1,2
WBGene00021587,0,1,0,1
WBGene00021589,0,1,0,1
WBGene00021590,1,0,0,1
WBGene00021594,0,1,1,2
WBGene00021605,1,1,0,2
WBGene00021607,0,0,1,1
WBGene00021611,0,1,1,2
WBGene00021619,0,1,1,2
WBGene00021620,1,1,1,3
WBGene00021623,1,0,1,2
WBGene00021624,0,1,1,2
WBGene00021625,0,1,0,1
WBGene00021627,0,1,0,1
WBGene00021632,0,0,1,1
WBGene00021633,0,0,1,1
WBGene00021635,0,1,0,1
WBGene00021640,0,1,0,1
WBGene00021641,0,1,0,1
WBGene00021654,0,1,0,1
WBGene00021667,0,0,1,1
WBGene00021675,0,0,1,1
WBGene00021676,1,0,0,1
WBGene00021678,1,1,1,3
WBGene00021703,1,0,0,1
WBGene00021709,0,1,1,2
WBGene00021713,0,1,1,2
WBGene00021719,0,1,0,1
WBGene00021720,1,0,1,2
WBGene00021725,1,1,1,3
WBGene00021726,1,1,1,3
WBGene00021730,0,0,1,1
WBGene00021731,0,0,1,1
WBGene00021739,0,0,1,1
WBGene00021741,0,0,1,1
WBGene00021743,1,0,0,1
WBGene00021745,0,0,1,1
WBGene00021772,0,1,0,1
WBGene00021779,0,1,1,2
WBGene00021791,0,1,0,1
WBGene00021796,0,0,1,1
WBGene00021805,0,1,0,1
WBGene00021810,0,0,1,1
WBGene00021814,0,1,0,1
WBGene00021850,0,0,1,1
WBGene00021858,0,1,1,2
WBGene00021859,0,0,1,1
WBGene00021872,0,1,0,1
WBGene00021873,0,1,0,1
WBGene00021877,0,1,0,1
WBGene00021880,0,0,1,1
WBGene00021887,0,1,0,1
WBGene00021893,1,0,0,1
WBGene00021898,0,1,1,2
WBGene00021917,0,0,1,1
WBGene00021919,0,1,1,2
WBGene00021928,0,0,1,1
WBGene00021931,0,1,0,1
WBGene00021964,0,1,0,1
WBGene00021966,0,0,1,1
WBGene00021975,0,0,1,1
WBGene00021977,1,1,0,2
WBGene00021978,0,1,1,2
WBGene00021979,0,0,1,1
WBGene00021988,0,1,1,2
WBGene00021997,0,1,1,2
WBGene00022002,0,1,1,2
WBGene00022007,1,0,0,1
WBGene00022014,0,1,0,1
WBGene00022016,1,0,1,2
WBGene00022020,0,1,0,1
WBGene00022024,0,0,1,1
WBGene00022028,0,1,0,1
WBGene00022032,0,1,0,1
WBGene00022060,0,1,1,2
WBGene00022063,0,0,1,1
WBGene00022070,0,1,1,2
WBGene00022083,1,1,1,3
WBGene00022093,0,1,1,2
WBGene00022094,0,0,1,1
WBGene00022096,1,0,0,1
WBGene00022103,0,1,1,2
WBGene00022104,0,0,1,1
WBGene00022112,1,0,1,2
WBGene00022130,0,1,0,1
WBGene00022133,0,1,0,1
WBGene00022140,0,0,1,1
WBGene00022145,0,0,1,1
WBGene00022156,1,1,1,3
WBGene00022157,0,0,1,1
WBGene00022160,0,1,0,1
WBGene00022168,0,0,1,1
WBGene00022200,0,1,1,2
WBGene00022203,0,1,0,1
WBGene00022206,0,1,0,1
WBGene00022224,1,1,0,2
WBGene00022228,0,0,1,1
WBGene00022237,0,1,1,2
WBGene00022252,1,0,0,1
WBGene00022258,1,0,0,1
WBGene00022261,0,1,0,1
WBGene00022274,0,1,1,2
WBGene00022275,0,0,1,1
WBGene00022282,1,1,1,3
WBGene00022285,0,1,1,2
WBGene00022287,0,1,1,2
WBGene00022288,0,1,0,1
WBGene00022289,0,1,1,2
WBGene00022302,1,0,0,1
WBGene00022326,0,1,1,2
WBGene00022327,1,0,0,1
WBGene00022328,0,1,0,1
WBGene00022329,0,1,1,2
WBGene00022330,0,1,1,2
WBGene00022331,0,0,1,1
WBGene00022333,1,1,0,2
WBGene00022337,0,1,0,1
WBGene00022338,0,1,1,2
WBGene00022344,1,1,1,3
WBGene00022345,0,1,1,2
WBGene00022349,1,1,1,3
WBGene00022353,1,1,1,3
WBGene00022354,0,0,1,1
WBGene00022360,0,1,0,1
WBGene00022375,0,1,0,1
WBGene00022379,0,1,1,2
WBGene00022382,0,1,1,2
WBGene00022392,0,1,0,1
WBGene00022396,0,1,0,1
WBGene00022397,0,1,1,2
WBGene00022412,0,0,1,1
WBGene00022413,0,0,1,1
WBGene00022415,0,1,1,2
WBGene00022418,0,1,1,2
WBGene00022427,0,0,1,1
WBGene00022435,1,0,1,2
WBGene00022440,1,0,0,1
WBGene00022441,0,0,1,1
WBGene00022447,0,0,1,1
WBGene00022455,1,0,1,2
WBGene00022469,0,1,1,2
WBGene00022472,1,0,0,1
WBGene00022475,0,1,1,2
WBGene00022478,0,0,1,1
WBGene00022479,1,1,1,3
WBGene00022484,1,0,1,2
WBGene00022486,0,0,1,1
WBGene00022487,0,1,1,2
WBGene00022490,1,0,1,2
WBGene00022497,1,0,1,2
WBGene00022508,0,1,1,2
WBGene00022517,0,1,0,1
WBGene00022522,0,0,1,1
WBGene00022546,0,1,1,2
WBGene00022547,0,1,1,2
WBGene00022548,0,1,0,1
WBGene00022549,0,1,1,2
WBGene00022550,1,0,1,2
WBGene00022555,1,1,0,2
WBGene00022557,1,1,0,2
WBGene00022560,0,1,0,1
WBGene00022562,0,1,1,2
WBGene00022564,0,1,1,2
WBGene00022567,0,0,1,1
WBGene00022568,0,1,1,2
WBGene00022569,1,1,1,3
WBGene00022572,0,1,1,2
WBGene00022577,0,0,1,1
WBGene00022584,1,1,0,2
WBGene00022590,0,0,1,1
WBGene00022591,0,0,1,1
WBGene00022610,0,0,1,1
WBGene00022611,0,0,1,1
WBGene00022615,0,0,1,1
WBGene00022617,0,0,1,1
WBGene00022627,0,1,1,2
WBGene00022642,0,1,1,2
WBGene00022643,0,1,1,2
WBGene00022644,0,0,1,1
WBGene00022645,0,1,1,2
WBGene00022649,0,1,0,1
WBGene00022654,1,0,1,2
WBGene00022665,0,1,0,1
WBGene00022679,0,1,0,1
WBGene00022680,0,1,0,1
WBGene00022689,0,1,0,1
WBGene00022695,1,0,0,1
WBGene00022705,0,0,1,1
WBGene00022707,0,0,1,1
WBGene00022713,1,0,1,2
WBGene00022728,0,0,1,1
WBGene00022730,0,1,0,1
WBGene00022731,0,1,1,2
WBGene00022741,0,0,1,1
WBGene00022743,0,1,0,1
WBGene00022747,0,1,0,1
WBGene00022770,1,0,0,1
WBGene00022781,1,0,0,1
WBGene00022789,0,1,0,1
WBGene00022795,0,0,1,1
WBGene00022797,1,0,0,1
WBGene00022807,0,1,0,1
WBGene00022813,0,0,1,1
WBGene00022829,1,0,0,1
WBGene00022838,0,1,0,1
WBGene00022845,0,1,1,2
WBGene00022866,0,1,0,1
WBGene00022867,0,1,1,2
WBGene00022868,0,1,1,2
WBGene00022870,0,0,1,1
WBGene00022873,0,1,0,1
WBGene00022887,0,1,1,2
WBGene00022891,0,1,0,1
WBGene00023284,0,1,1,2
WBGene00023407,1,1,1,3
WBGene00023425,0,1,1,2
WBGene00023427,0,1,0,1
WBGene00023458,0,1,0,1
WBGene00023477,1,1,1,3
WBGene00023484,1,1,1,3
WBGene00023491,0,0,1,1
WBGene00023492,0,0,1,1
WBGene00023493,0,1,0,1
WBGene00023503,1,0,0,1
WBGene00023519,1,0,0,1
WBGene00043062,0,0,1,1
WBGene00043068,1,1,1,3
WBGene00043302,0,0,1,1
WBGene00043702,0,1,1,2
WBGene00043743,0,0,1,1
WBGene00043980,0,0,1,1
WBGene00043982,1,0,0,1
WBGene00043988,0,0,1,1
WBGene00043989,0,0,1,1
WBGene00044004,0,1,1,2
WBGene00044008,0,0,1,1
WBGene00044011,0,1,0,1
WBGene00044021,0,1,0,1
WBGene00044045,0,1,0,1
WBGene00044066,1,1,0,2
WBGene00044073,0,0,1,1
WBGene00044109,0,1,0,1
WBGene00044131,1,1,1,3
WBGene00044149,0,1,0,1
WBGene00044158,0,0,1,1
WBGene00044163,0,1,1,2
WBGene00044164,1,0,0,1
WBGene00044177,0,0,1,1
WBGene00044182,0,1,1,2
WBGene00044193,0,1,0,1
WBGene00044200,0,0,1,1
WBGene00044201,1,1,1,3
WBGene00044202,0,0,1,1
WBGene00044205,0,0,1,1
WBGene00044206,0,1,0,1
WBGene00044212,0,1,1,2
WBGene00044213,1,1,1,3
WBGene00044222,0,1,0,1
WBGene00044225,0,1,1,2
WBGene00044250,0,1,1,2
WBGene00044253,0,0,1,1
WBGene00044256,0,1,0,1
WBGene00044258,0,1,0,1
WBGene00044273,0,1,1,2
WBGene00044274,0,1,1,2
WBGene00044280,0,1,0,1
WBGene00044281,1,1,1,3
WBGene00044286,1,1,1,3
WBGene00044289,1,0,0,1
WBGene00044291,1,1,1,3
WBGene00044294,0,0,1,1
WBGene00044296,0,1,0,1
WBGene00044316,0,0,1,1
WBGene00044331,0,1,1,2
WBGene00044332,0,1,0,1
WBGene00044337,1,0,1,2
WBGene00044338,0,1,1,2
WBGene00044339,1,1,1,3
WBGene00044340,1,1,1,3
WBGene00044348,0,0,1,1
WBGene00044355,0,1,1,2
WBGene00044357,1,0,1,2
WBGene00044360,0,1,1,2
WBGene00044363,1,0,0,1
WBGene00044367,0,0,1,1
WBGene00044371,0,1,0,1
WBGene00044383,0,1,0,1
WBGene00044392,0,0,1,1
WBGene00044393,0,0,1,1
WBGene00044396,0,1,0,1
WBGene00044403,0,1,0,1
WBGene00044414,0,1,1,2
WBGene00044417,0,1,1,2
WBGene00044435,1,0,0,1
WBGene00044436,1,1,1,3
WBGene00044440,1,0,0,1
WBGene00044443,1,0,0,1
WBGene00044447,0,0,1,1
WBGene00044455,0,0,1,1
WBGene00044469,0,1,1,2
WBGene00044473,0,1,1,2
WBGene00044478,0,1,0,1
WBGene00044479,0,0,1,1
WBGene00044482,1,0,0,1
WBGene00044485,1,0,1,2
WBGene00044488,0,1,0,1
WBGene00044489,0,0,1,1
WBGene00044490,0,0,1,1
WBGene00044491,0,0,1,1
WBGene00044492,0,0,1,1
WBGene00044502,1,0,1,2
WBGene00044514,0,0,1,1
WBGene00044521,0,1,1,2
WBGene00044527,0,1,0,1
WBGene00044533,0,1,0,1
WBGene00044535,0,1,0,1
WBGene00044538,0,0,1,1
WBGene00044547,1,1,0,2
WBGene00044569,0,1,0,1
WBGene00044574,1,0,0,1
WBGene00044578,1,1,0,2
WBGene00044586,0,0,1,1
WBGene00044589,1,0,0,1
WBGene00044623,0,1,0,1
WBGene00044631,0,0,1,1
WBGene00044634,0,0,1,1
WBGene00044644,0,0,1,1
WBGene00044654,0,0,1,1
WBGene00044655,0,0,1,1
WBGene00044672,0,1,1,2
WBGene00044675,1,0,1,2
WBGene00044681,0,0,1,1
WBGene00044697,0,1,0,1
WBGene00044705,0,1,0,1
WBGene00044723,0,0,1,1
WBGene00044725,1,0,1,2
WBGene00044726,0,1,0,1
WBGene00044734,1,1,1,3
WBGene00044738,0,1,1,2
WBGene00044741,0,1,0,1
WBGene00044742,0,1,0,1
WBGene00044753,0,1,0,1
WBGene00044758,0,1,0,1
WBGene00044760,1,0,1,2
WBGene00044763,1,0,0,1
WBGene00044772,0,1,1,2
WBGene00044783,0,1,1,2
WBGene00044807,0,1,0,1
WBGene00044811,0,1,0,1
WBGene00044898,0,1,0,1
WBGene00044924,0,0,1,1
WBGene00044949,0,1,0,1
WBGene00044979,0,0,1,1
WBGene00044990,0,1,0,1
WBGene00045050,0,0,1,1
WBGene00045061,0,1,0,1
WBGene00045078,0,1,1,2
WBGene00045146,1,0,1,2
WBGene00045253,0,0,1,1
WBGene00045261,0,1,1,2
WBGene00045265,0,0,1,1
WBGene00045268,1,0,0,1
WBGene00045269,0,1,1,2
WBGene00045272,0,1,0,1
WBGene00045275,0,1,1,2
WBGene00045276,1,1,1,3
WBGene00045291,0,0,1,1
WBGene00045297,0,1,1,2
WBGene00045306,0,0,1,1
WBGene00045339,0,1,0,1
WBGene00045401,0,1,0,1
WBGene00045411,1,1,0,2
WBGene00045412,0,1,0,1
WBGene00045414,0,1,1,2
WBGene00045415,1,1,0,2
WBGene00045417,0,1,1,2
WBGene00045457,0,0,1,1
WBGene00045461,1,1,1,3
WBGene00045468,0,0,1,1
WBGene00045473,0,1,1,2
WBGene00045494,0,0,1,1
WBGene00045497,0,1,1,2
WBGene00045498,0,1,0,1
WBGene00050875,1,1,1,3
WBGene00050879,0,0,1,1
WBGene00050892,0,1,0,1
WBGene00050899,0,1,0,1
WBGene00050904,1,1,0,2
WBGene00050913,1,1,1,3
WBGene00050914,0,1,0,1
WBGene00050919,0,0,1,1
WBGene00050943,0,1,0,1
WBGene00050956,0,0,1,1
WBGene00077450,0,1,1,2
WBGene00077495,0,1,0,1
WBGene00077522,1,1,1,3
WBGene00077525,0,1,0,1
WBGene00077539,0,1,0,1
WBGene00077548,0,0,1,1
WBGene00077558,0,0,1,1
WBGene00077563,1,1,1,3
WBGene00077585,1,0,0,1
WBGene00077663,0,1,0,1
WBGene00077684,0,1,0,1
WBGene00077685,1,1,1,3
WBGene00077691,0,1,0,1
WBGene00077696,0,0,1,1
WBGene00077697,0,1,0,1
WBGene00077728,0,0,1,1
WBGene00077756,1,1,0,2
WBGene00077757,0,1,0,1
WBGene00077766,0,0,1,1
WBGene00077770,0,1,0,1
WBGene00086560,1,0,0,1
WBGene00086565,0,0,1,1
WBGene00086568,1,0,0,1
WBGene00119203,0,1,0,1
WBGene00138719,0,1,1,2
WBGene00138721,0,1,0,1
WBGene00164973,0,1,0,1
WBGene00175027,0,1,1,2
WBGene00185002,1,0,1,2
WBGene00185077,0,0,1,1
WBGene00185098,0,1,0,1
WBGene00185102,0,0,1,1
WBGene00185118,1,1,0,2
WBGene00189943,1,1,0,2
WBGene00189956,1,1,0,2
WBGene00194641,0,1,1,2
WBGene00194643,0,0,1,1
WBGene00194649,0,1,1,2
WBGene00194651,0,1,0,1
WBGene00194654,0,0,1,1
WBGene00194682,0,0,1,1
WBGene00194687,0,1,0,1
WBGene00194692,1,0,1,2
WBGene00194695,1,1,1,3
WBGene00194711,0,0,1,1
WBGene00194717,1,1,1,3
WBGene00194733,1,0,0,1
WBGene00194735,0,1,0,1
WBGene00194742,0,1,0,1
WBGene00194746,0,1,0,1
WBGene00194794,1,1,1,3
WBGene00194815,1,1,1,3
WBGene00194848,0,0,1,1
WBGene00194849,1,1,1,3
WBGene00194855,0,1,1,2
WBGene00194861,0,0,1,1
WBGene00194864,0,0,1,1
WBGene00194894,0,0,1,1
WBGene00194916,0,1,1,2
WBGene00194926,0,1,0,1
WBGene00194981,1,1,1,3
WBGene00194998,0,0,1,1
WBGene00195004,0,1,1,2
WBGene00195045,0,0,1,1
WBGene00195068,0,1,1,2
WBGene00195070,0,1,1,2
WBGene00195084,0,0,1,1
WBGene00195176,1,1,1,3
WBGene00195184,0,0,1,1
WBGene00195185,0,0,1,1
WBGene00202501,0,1,1,2
WBGene00206354,0,1,0,1
WBGene00206373,0,0,1,1
WBGene00206380,0,1,0,1
WBGene00206384,0,0,1,1
WBGene00206388,0,1,1,2
WBGene00206413,0,1,1,2
WBGene00206414,1,1,0,2
WBGene00206415,1,1,1,3
WBGene00206418,1,1,1,3
WBGene00206464,0,0,1,1
WBGene00206483,0,1,0,1
WBGene00206495,0,0,1,1
WBGene00206502,0,1,0,1
WBGene00206510,1,1,1,3
WBGene00206522,1,1,1,3
WBGene00206532,0,1,1,2
WBGene00219206,0,1,0,1
WBGene00219208,0,1,1,2
WBGene00219216,0,1,1,2
WBGene00219271,0,1,0,1
WBGene00219275,0,1,0,1
WBGene00219278,0,1,0,1
WBGene00219287,0,0,1,1
WBGene00219308,0,1,1,2
WBGene00219313,0,1,1,2
WBGene00219322,0,1,0,1
WBGene00219373,1,0,0,1
WBGene00219378,0,1,1,2
WBGene00219413,1,1,1,3
WBGene00219423,1,0,0,1
WBGene00219451,1,0,0,1
WBGene00220261,0,1,0,1
WBGene00235094,0,0,1,1
WBGene00235112,0,0,1,1
WBGene00235113,0,1,0,1
WBGene00235133,0,1,1,2
WBGene00235158,1,0,0,1
WBGene00235164,0,1,1,2
WBGene00235267,0,0,1,1
WBGene00235269,1,1,1,3
WBGene00235277,1,0,0,1
WBGene00235287,0,0,1,1
WBGene00235295,0,0,1,1
WBGene00235297,0,0,1,1
WBGene00235310,1,0,0,1
WBGene00235324,0,1,0,1
WBGene00235332,1,0,0,1
WBGene00235340,0,0,1,1
WBGene00235352,0,1,1,2
WBGene00235354,0,0,1,1
WBGene00235383,0,0,1,1
WBGene00235391,0,1,0,1
WBGene00236809,0,1,0,1
WBGene00255702,0,1,0,1
WBGene00269355,0,1,0,1
WBGene00269373,0,1,0,1
WBGene00269394,0,1,1,2
WBGene00269425,0,1,1,2
WBGene00269434,0,1,0,1
WBGene00270321,1,1,1,3
WBGene00271415,0,1,0,1
WBGene00271606,1,1,0,2
WBGene00271701,1,0,0,1
WBGene00271744,0,1,1,2
WBGene00271775,1,0,0,1
WBGene00271815,1,1,1,3
WBGene00271817,1,0,0,1
WBGene00271819,0,1,0,1
WBGene00271821,1,0,0,1
WBGene00271832,1,0,1,2
WBGene00284847,0,0,1,1
WBGene00284848,1,0,0,1
WBGene00284850,0,1,0,1
WBGene00284854,0,1,1,2
WBGene00284855,1,0,1,2
WBGene00303231,1,0,0,1
WBGene00303366,0,0,1,1
WBGene00304173,1,1,0,2
WBGene00304201,0,1,0,1
WBGene00304787,0,1,0,1
WBGene00304792,1,0,1,2
WBGene00304806,0,1,0,1
WBGene00304823,1,0,0,1
WBGene00304908,1,1,1,3
WBGene00304981,1,0,0,1
WBGene00305049,0,0,1,1
WBGene00305095,1,0,0,1
WBGene00305104,0,0,1,1
WBGene00305113,0,1,0,1
WBGene00305132,0,1,1,2
WBGene00305158,0,1,1,2
WBGene00305992,0,0,1,1
WBGene00306003,0,1,1,2
